------------------ ---------------------------------------------------- ------ ------ ------ ------- -------- -------- ------ ------ ------ ------ ------ ------ ------- ------ -------- -------- ------- ------ ------ ------ ------ ------ ------ ------ ------ ------ ------ ------ ------ ------ ------ ------ ------ ------ ------ ------ ------ ------ ------ ------ ------ ------ ------ ------ ------ ------ ------ ------ ------ ------ ------ ------ ------ ------ ------ ------ ------ ------ ------ ------
Kernel Name        conv_pool_relu_kernel(const float *, con                                                                                                                                                                                                                                                                                                                                                                                                                                                           
                   st float *, const float *, float *, int,                                                                                                                                                                                                                                                                                                                                                                                                                                                           
                    int, int, int, int, int, int)                                                                                                                                                                                                                                                                                                                                                                                                                                                                     
------------------ ---------------------------------------------------- ------ ------ ------ ------- -------- -------- ------ ------ ------ ------ ------ ------ ------- ------ -------- -------- ------- ------ ------ ------ ------ ------ ------ ------ ------ ------ ------ ------ ------ ------ ------ ------ ------ ------ ------ ------ ------ ------ ------ ------ ------ ------ ------ ------ ------ ------ ------ ------ ------ ------ ------ ------ ------ ------ ------ ------ ------ ------ ------ ------
Address            Source                                               Warp S Warp S # Samp Instru  Thread   Predic   Avg. T Avg. P Diverg Addres Access Access L1 Tag  L1 Con L2 The   L2 The   L2 The  L2 Exp L2 Exp L2 Exp L2 Exp L2 Exp L2 Exp L2 Exp stall_ stall_ stall_ stall_ stall_ stall_ stall_ stall_ stall_ stall_ stall_ stall_ stall_ stall_ stall_ stall_ stall_ stall_ stall_ stall_ stall_ stall_ stall_ stall_ stall_ stall_ stall_ stall_ stall_ stall_ stall_ stall_ stall_ stall_ stall_ stall_
                                                                        tall S tall S les    ctions   Instr   ated-O   hreads redica ent Br s Spac  Opera  Size   Reque  flicts oretic   oretic   oretic  licit  licit  licit  licit  licit  licit  licit  barrie branch dispat drain  imc    lg     long_s math   membar mio    misc   no_ins not_se select short_ sleep  tex    wait   barrie branch dispat drain  imc (N lg (No long_s math ( membar mio (N misc ( no_ins not_se select short_ sleepi tex (N wait (
                                                                        amplin amplin         Execu  uction   n Thre    Execu ted-On anches e      tion          sts Gl   Share al Sec   al Sec   al Sec  Evict  Hit Po Hit Po Hit Po Hit Po Miss P Miss P r      _resol ch                          b                                  t      lected ed     sb                          r (Not _resol ch (No (Not I ot Iss t Issu b (Not Not Is  (Not  ot Iss Not Is t (Not lected ed (No sb (No ng (No ot Iss Not Is
                                                                        g (All g (Not        ted     s Exec   ad Ins   ted     Threa                             obal    d N-Wa tors G   tors G   tors G  Polici licy E licy E licy E licy E olicy  olicy         ving                                                                                                                    Issue ving ( t Issu ssued) ued)   ed)     Issue sued)  Issued ued)   sued)   Issue  (Not  t Issu t Issu t Issu ued)   sued) 
                                                                         Sampl -issue                uted     tructi          ds Exe                                     y      lobal    lobal    lobal   es     vict F vict L vict N vict N Evict  Evict                                                                                                                                d)     Not Is ed)                         d)            )                    d)     Issued ed)    ed)    ed)                 
                                                                        es)    d Samp                         ons Ex          cuted                                             Excess            Ideal          irst   ast    ormal  ormal  First  Normal                                                                                                                                      sued)                                                                        )                                        
                                                                               les)                           ecuted                                                            ive                                                   Demote                                                                                                                                                                                                                                                                          
0x14c80f278000           MOV R1, c[0x0][0x28]                           4591   335    4591   1440000 46080000 46080000 32     32     0      -      -      -      0       0      0        0        0       -      0      0      0      0      0      0      0      0      642    0      22     0      0      1584   0      0      0      253    2088   0      0      0      0      2      0      0      48     0      21     0      0      184    0      0      0      80     0      0      0      0      0      2     
0x14c80f278010           S2R R0, SR_CTAID.X                             107    16     107    1440000 46080000 46080000 32     32     0      -      -      -      0       0      0        0        0       -      0      0      0      0      0      0      0      0      12     0      0      0      0      0      0      0      0      0      20     36     0      0      0      39     0      0      1      0      0      0      0      0      0      0      0      0      0      0      0      0      0      15    
0x14c80f278020           S2R R3, SR_TID.X                               691    205    691    1440000 46080000 46080000 32     32     0      -      -      -      0       0      0        0        0       -      0      0      0      0      0      0      0      0      32     0      0      0      0      0      0      366    0      0      151    39     0      0      0      103    0      0      0      0      0      0      0      0      0      176    0      0      0      0      0      0      0      29    
0x14c80f278030           IMAD R0, R0, c[0x0][0x0], R3                   2990   748    2990   1440000 46080000 46080000 32     32     0      -      -      -      0       0      0        0        0       -      0      0      0      0      0      0      0      0      122    0      0      0      0      415    0      0      0      0      468    36     1915   0      0      34     0      0      4      0      0      0      0      47     0      0      0      0      0      0      687    0      0      10    
0x14c80f278040           ISETP.GE.AND P0, PT, R0, c[0x0][0x198], PT     2631   251    2631   1440000 46080000 46080000 32     32     0      -      -      -      0       0      0        0        0       -      0      0      0      0      0      0      0      0      358    0      49     0      0      834    0      0      0      1      1202   39     0      0      0      148    0      0      33     0      47     0      0      124    0      0      0      1      0      0      0      0      0      46    
0x14c80f278050     @P0   EXIT                                           822    166    822    1440000 46080000 0        32     0      0      -      -      -      0       0      0        0        0       -      0      0      0      0      0      0      0      0      58     0      0      0      0      0      0      0      0      0      251    34     0      0      0      479    0      0      0      0      0      0      0      0      0      0      0      0      0      0      0      0      0      166   
0x14c80f278060           MOV R7, c[0x0][0x194]                          243    51     243    1440000 46080000 46080000 32     32     0      -      -      -      0       0      0        0        0       -      0      0      0      0      0      0      0      0      14     0      0      0      0      34     0      0      0      0      39     25     0      0      0      131    0      0      1      0      0      0      0      9      0      0      0      0      0      0      0      0      0      41    
0x14c80f278070           UMOV UR14, 0x4                                 45     0      45     1440000 46080000 46080000 32     32     0      -      -      -      0       0      0        0        0       -      0      0      0      0      0      0      0      0      7      0      0      0      0      0      0      0      0      0      0      38     0      0      0      0      0      0      0      0      0      0      0      0      0      0      0      0      0      0      0      0      0      0     
0x14c80f278080           IABS R11, c[0x0][0x184]                        49     0      49     1440000 46080000 46080000 32     32     0      -      -      -      0       0      0        0        0       -      0      0      0      0      0      0      0      0      6      0      0      0      0      0      0      0      0      6      0      37     0      0      0      0      0      0      0      0      0      0      0      0      0      0      0      0      0      0      0      0      0      0     
0x14c80f278090           ULDC.64 UR10, c[0x0][0x118]                    44     0      44     1440000 46080000 46080000 32     32     0      -      -      -      0       0      0        0        0       -      0      0      0      0      0      0      0      0      3      0      10     0      0      0      0      0      0      0      0      31     0      0      0      0      0      0      0      0      0      0      0      0      0      0      0      0      0      0      0      0      0      0     
0x14c80f2780a0           IABS R8, R0                                    42     0      42     1440000 46080000 46080000 32     32     0      -      -      -      0       0      0        0        0       -      0      0      0      0      0      0      0      0      4      0      0      0      0      0      0      0      0      0      0      38     0      0      0      0      0      0      0      0      0      0      0      0      0      0      0      0      0      0      0      0      0      0     
0x14c80f2780b0           IMAD R7, R7, c[0x0][0x190], RZ                 29     0      29     1440000 46080000 46080000 32     32     0      -      -      -      0       0      0        0        0       -      0      0      0      0      0      0      0      0      0      0      0      0      0      0      0      0      0      0      0      29     0      0      0      0      0      0      0      0      0      0      0      0      0      0      0      0      0      0      0      0      0      0     
0x14c80f2780c0           MOV R14, UR14                                  39     0      39     1440000 46080000 46080000 32     32     0      -      -      -      0       0      0        0        0       -      0      0      0      0      0      0      0      0      0      0      0      0      0      0      0      0      0      0      0      39     0      0      0      0      0      0      0      0      0      0      0      0      0      0      0      0      0      0      0      0      0      0     
0x14c80f2780d0           IABS R9, R7                                    1699   115    1699   1440000 46080000 46080000 32     32     0      -      -      -      0       0      0        0        0       -      0      0      0      0      0      0      0      0      215    0      0      0      0      554    0      0      0      0      788    45     0      0      0      97     0      0      18     0      0      0      0      89     0      0      0      0      0      0      0      0      0      8     
0x14c80f2780e0           IABS R10, R7                                   121    13     121    1440000 46080000 46080000 32     32     0      -      -      -      0       0      0        0        0       -      0      0      0      0      0      0      0      0      9      0      0      0      0      16     0      0      0      0      22     36     0      0      0      38     0      0      0      0      0      0      0      0      0      0      0      0      0      0      0      0      0      13    
0x14c80f2780f0           I2F.RP R4, R9                                  197    15     197    1440000 46080000 46080000 32     32     0      -      -      -      0       0      0        0        0       -      0      0      0      0      0      0      0      0      34     0      0      0      0      0      0      24     0      0      73     22     0      0      0      44     0      0      2      0      0      0      0      0      0      5      0      0      0      0      0      0      0      8     
0x14c80f278100           MUFU.RCP R4, R4                                887    173    887    1440000 46080000 46080000 32     32     0      -      -      -      0       0      0        0        0       -      0      0      0      0      0      0      0      0      51     0      0      0      0      0      0      39     0      0      151    34     337    0      0      275    0      0      4      0      0      0      0      0      0      7      0      0      0      0      104    0      0      58    
0x14c80f278110           IADD3 R2, R4, 0xffffffe, RZ                    868    178    868    1440000 46080000 46080000 32     32     0      -      -      -      0       0      0        0        0       -      0      0      0      0      0      0      0      0      39     0      0      0      0      92     0      0      0      0      139    30     538    0      0      30     0      0      1      0      0      0      0      9      0      0      0      0      0      0      161    0      0      7     
0x14c80f278120           IADD3 R4, RZ, -R10, RZ                         974    62     974    1440000 46080000 46080000 32     32     0      -      -      -      0       0      0        0        0       -      0      0      0      0      0      0      0      0      133    0      0      0      0      298    0      0      0      0      473    33     0      0      0      37     0      0      7      0      0      0      0      42     0      0      0      0      0      0      0      0      0      13    
0x14c80f278130           F2I.FTZ.U32.TRUNC.NTZ R3, R2                   462    45     462    1440000 46080000 46080000 32     32     0      -      -      -      0       0      0        0        0       -      0      0      0      0      0      0      0      0      64     0      0      0      0      0      0      55     0      0      180    39     0      0      0      124    0      0      2      0      0      0      0      0      0      11     0      0      0      0      0      0      0      32    
0x14c80f278140           HFMA2.MMA R2, -RZ, RZ, 0, 0                    553    158    553    1440000 46080000 46080000 32     32     0      -      -      -      0       0      0        0        0       -      0      0      0      0      0      0      0      0      16     0      0      0      0      0      0      0      0      0      53     34     405    0      0      45     0      0      2      0      0      0      0      0      0      0      0      0      0      0      146    0      0      10    
0x14c80f278150           IADD3 R6, RZ, -R3, RZ                          475    34     475    1440000 46080000 46080000 32     32     0      -      -      -      0       0      0        0        0       -      0      0      0      0      0      0      0      0      58     0      0      0      0      153    0      0      0      0      183    38     43     0      0      0      0      0      5      0      0      0      0      21     0      0      0      0      0      0      8      0      0      0     
0x14c80f278160           IMAD R5, R6, R9, RZ                            1009   120    1009   1440000 46080000 46080000 32     32     0      -      -      -      0       0      0        0        0       -      0      0      0      0      0      0      0      0      96     0      0      0      0      349    0      0      0      0      366    30     0      0      0      168    0      0      15     0      0      0      0      52     0      0      0      0      0      0      0      0      0      53    
0x14c80f278170           I2F.RP R6, R11                                 154    16     154    1440000 46080000 46080000 32     32     0      -      -      -      0       0      0        0        0       -      0      0      0      0      0      0      0      0      12     0      0      0      0      0      0      26     0      0      49     35     0      0      0      32     0      0      3      0      0      0      0      0      0      3      0      0      0      0      0      0      0      10    
0x14c80f278180           IMAD.HI.U32 R3, R3, R5, R2                     125    10     125    1440000 46080000 46080000 32     32     0      -      -      -      0       0      0        0        0       -      0      0      0      0      0      0      0      0      4      0      0      0      0      17     0      0      0      0      19     34     0      0      0      51     0      0      0      0      0      0      0      6      0      0      0      0      0      0      0      0      0      4     
0x14c80f278190           MOV R2, R8                                     39     0      39     1440000 46080000 46080000 32     32     0      -      -      -      0       0      0        0        0       -      0      0      0      0      0      0      0      0      5      0      0      0      0      0      0      0      0      0      0      34     0      0      0      0      0      0      0      0      0      0      0      0      0      0      0      0      0      0      0      0      0      0     
0x14c80f2781a0           IMAD.HI.U32 R3, R3, R2, RZ                     777    100    777    1440000 46080000 46080000 32     32     0      -      -      -      0       0      0        0        0       -      0      0      0      0      0      0      0      0      47     0      0      0      0      205    0      0      0      0      217    43     0      0      0      265    0      0      5      0      0      0      0      32     0      0      0      0      0      0      0      0      0      63    
0x14c80f2781b0           IMAD R4, R3, R4, R2                            539    69     539    1440000 46080000 46080000 32     32     0      -      -      -      0       0      0        0        0       -      0      0      0      0      0      0      0      0      76     0      0      0      0      151    0      0      0      0      173    27     0      0      0      112    0      0      8      0      0      0      0      26     0      0      0      0      0      0      0      0      0      35    
0x14c80f2781c0           MUFU.RCP R6, R6                                154    10     154    1440000 46080000 46080000 32     32     0      -      -      -      0       0      0        0        0       -      0      0      0      0      0      0      0      0      25     0      0      0      0      0      0      31     0      0      58     27     13     0      0      0      0      0      0      0      0      0      0      0      0      6      0      0      0      0      4      0      0      0     
0x14c80f2781d0           ISETP.GT.U32.AND P1, PT, R9, R4, PT            224    42     224    1440000 46080000 46080000 32     32     0      -      -      -      0       0      0        0        0       -      0      0      0      0      0      0      0      0      8      0      0      0      0      32     0      0      0      0      37     39     0      0      0      108    0      0      3      0      0      0      0      8      0      0      0      0      0      0      0      0      0      31    
0x14c80f2781e0     @!P1  IADD3 R4, R4, -R9, RZ                          1543   246    1543   1440000 46080000 373693   32     0      0      -      -      -      0       0      0        0        0       -      0      0      0      0      0      0      0      0      167    0      0      0      0      379    0      0      0      0      502    22     0      0      0      473    0      0      14     0      0      0      0      73     0      0      0      0      0      0      0      0      0      159   
0x14c80f2781f0           IADD3 R5, R6, 0xffffffe, RZ                    106    22     106    1440000 46080000 46080000 32     32     0      -      -      -      0       0      0        0        0       -      0      0      0      0      0      0      0      0      9      0      0      0      0      8      0      0      0      0      15     29     1      0      0      44     0      0      2      0      0      0      0      0      0      0      0      0      0      0      1      0      0      19    
0x14c80f278200           ISETP.GE.U32.AND P0, PT, R4, R9, PT            105    17     105    1440000 46080000 46080000 32     32     0      -      -      -      0       0      0        0        0       -      0      0      0      0      0      0      0      0      17     0      0      0      0      4      0      0      0      0      6      31     0      0      0      47     0      0      4      0      0      0      0      0      0      0      0      0      0      0      0      0      0      13    
0x14c80f278210           LOP3.LUT R4, R0, R7, RZ, 0x3c, !PT             114    14     114    1440000 46080000 46080000 32     32     0      -      -      -      0       0      0        0        0       -      0      0      0      0      0      0      0      0      11     0      0      0      0      8      0      0      0      0      21     33     0      0      0      41     0      0      3      0      0      0      0      2      0      0      0      0      0      0      0      0      0      9     
0x14c80f278220           F2I.FTZ.U32.TRUNC.NTZ R5, R5                   139    18     139    1440000 46080000 46080000 32     32     0      -      -      -      0       0      0        0        0       -      0      0      0      0      0      0      0      0      14     0      0      0      0      0      0      22     0      0      34     31     0      0      0      38     0      0      1      0      0      0      0      0      0      6      0      0      0      0      0      0      0      11    
0x14c80f278230     @!P1  IADD3 R3, R3, 0x1, RZ                          26     0      26     1440000 46080000 373693   32     0      0      -      -      -      0       0      0        0        0       -      0      0      0      0      0      0      0      0      2      0      0      0      0      0      0      0      0      0      0      24     0      0      0      0      0      0      0      0      0      0      0      0      0      0      0      0      0      0      0      0      0      0     
0x14c80f278240           ISETP.GE.AND P2, PT, R4, RZ, PT                91     6      91     1440000 46080000 46080000 32     32     0      -      -      -      0       0      0        0        0       -      0      0      0      0      0      0      0      0      8      0      0      0      0      3      0      0      0      0      18     33     0      0      0      29     0      0      1      0      0      0      0      0      0      0      0      0      0      0      0      0      0      5     
0x14c80f278250           ISETP.NE.AND P1, PT, R7, RZ, PT                936    86     936    1440000 46080000 46080000 32     32     0      -      -      -      0       0      0        0        0       -      0      0      0      0      0      0      0      0      89     0      0      0      0      326    0      0      0      0      456    24     0      0      0      41     0      0      10     0      0      0      0      67     0      0      0      0      0      0      0      0      0      9     
0x14c80f278260     @P0   IADD3 R3, R3, 0x1, RZ                          454    57     454    1440000 46080000 0        32     0      0      -      -      -      0       0      0        0        0       -      0      0      0      0      0      0      0      0      51     0      0      0      0      98     0      0      0      0      159    30     0      0      0      116    0      0      6      0      0      0      0      15     0      0      0      0      0      0      0      0      0      36    
0x14c80f278270           IADD3 R4, RZ, -R5, RZ                          180    27     180    1440000 46080000 46080000 32     32     0      -      -      -      0       0      0        0        0       -      0      0      0      0      0      0      0      0      15     0      0      0      0      21     0      0      0      0      42     39     29     0      0      34     0      0      2      0      0      0      0      5      0      0      0      0      0      0      4      0      0      16    
0x14c80f278280     @!P2  IADD3 R3, -R3, RZ, RZ                          596    71     596    1440000 46080000 0        32     0      0      -      -      -      0       0      0        0        0       -      0      0      0      0      0      0      0      0      54     0      0      0      0      152    0      0      0      0      197    37     0      0      0      156    0      0      4      0      0      0      0      27     0      0      0      0      0      0      0      0      0      40    
0x14c80f278290     @!P1  LOP3.LUT R3, RZ, R7, RZ, 0x33, !PT             94     20     94     1440000 46080000 0        32     0      0      -      -      -      0       0      0        0        0       -      0      0      0      0      0      0      0      0      11     0      0      0      0      6      0      0      0      0      8      27     0      0      0      42     0      0      4      0      0      0      0      1      0      0      0      0      0      0      0      0      0      15    
0x14c80f2782a0           IMAD R9, R4, R11, RZ                           33     0      33     1440000 46080000 46080000 32     32     0      -      -      -      0       0      0        0        0       -      0      0      0      0      0      0      0      0      5      0      0      0      0      0      0      0      0      0      0      28     0      0      0      0      0      0      0      0      0      0      0      0      0      0      0      0      0      0      0      0      0      0     
0x14c80f2782b0           HFMA2.MMA R4, -RZ, RZ, 0, 0                    52     0      52     1440000 46080000 46080000 32     32     0      -      -      -      0       0      0        0        0       -      0      0      0      0      0      0      0      0      12     0      0      0      0      0      0      0      0      0      0      40     0      0      0      0      0      0      0      0      0      0      0      0      0      0      0      0      0      0      0      0      0      0     
0x14c80f2782c0           IABS R6, R3                                    96     5      96     1440000 46080000 46080000 32     32     0      -      -      -      0       0      0        0        0       -      0      0      0      0      0      0      0      0      5      0      0      0      0      15     0      0      0      0      25     33     0      0      0      18     0      0      0      0      0      0      0      5      0      0      0      0      0      0      0      0      0      0     
0x14c80f2782d0           ISETP.GE.AND P2, PT, R3, RZ, PT                89     9      89     1440000 46080000 46080000 32     32     0      -      -      -      0       0      0        0        0       -      0      0      0      0      0      0      0      0      11     0      0      0      0      4      0      0      0      0      8      35     0      0      0      31     0      0      2      0      0      0      0      0      0      0      0      0      0      0      0      0      0      7     
0x14c80f2782e0           IMAD.HI.U32 R4, R5, R9, R4                     935    100    935    1440000 46080000 46080000 32     32     0      -      -      -      0       0      0        0        0       -      0      0      0      0      0      0      0      0      88     0      0      0      0      325    0      0      0      0      300    28     0      0      0      194    0      0      10     0      0      0      0      45     0      0      0      0      0      0      0      0      0      45    
0x14c80f2782f0           MOV R5, R6                                     50     0      50     1440000 46080000 46080000 32     32     0      -      -      -      0       0      0        0        0       -      0      0      0      0      0      0      0      0      12     0      0      0      0      0      0      0      0      0      0      38     0      0      0      0      0      0      0      0      0      0      0      0      0      0      0      0      0      0      0      0      0      0     
0x14c80f278300           IMAD.HI.U32 R4, R4, R5, RZ                     594    98     594    1440000 46080000 46080000 32     32     0      -      -      -      0       0      0        0        0       -      0      0      0      0      0      0      0      0      41     0      0      0      0      119    0      0      0      0      153    35     0      0      0      246    0      0      2      0      0      0      0      21     0      0      0      0      0      0      0      0      0      75    
0x14c80f278310           IADD3 R4, -R4, RZ, RZ                          917    144    917    1440000 46080000 46080000 32     32     0      -      -      -      0       0      0        0        0       -      0      0      0      0      0      0      0      0      142    0      0      0      0      270    0      0      0      0      343    32     0      0      0      130    0      0      41     0      0      0      0      49     0      0      0      0      0      0      0      0      0      54    
0x14c80f278320           IMAD R4, R11, R4, R5                           472    81     472    1440000 46080000 46080000 32     32     0      -      -      -      0       0      0        0        0       -      0      0      0      0      0      0      0      0      31     0      0      0      0      129    0      0      0      0      160    19     0      0      0      133    0      0      2      0      0      0      0      28     0      0      0      0      0      0      0      0      0      51    
0x14c80f278330           ISETP.GT.U32.AND P0, PT, R11, R4, PT           630    133    630    1440000 46080000 46080000 32     32     0      -      -      -      0       0      0        0        0       -      0      0      0      0      0      0      0      0      51     0      0      0      0      168    0      0      0      0      204    28     0      0      0      179    0      0      6      0      0      0      0      50     0      0      0      0      0      0      0      0      0      77    
0x14c80f278340     @!P0  IADD3 R4, R4, -R11, RZ                         780    213    780    1440000 46080000 1439856  32     0      0      -      -      -      0       0      0        0        0       -      0      0      0      0      0      0      0      0      56     0      0      0      0      99     0      0      0      0      138    31     0      0      0      456    0      0      9      0      0      0      0      19     0      0      0      0      0      0      0      0      0      185   
0x14c80f278350           ISETP.NE.AND P0, PT, RZ, c[0x0][0x184], PT     78     14     78     1440000 46080000 46080000 32     32     0      -      -      -      0       0      0        0        0       -      0      0      0      0      0      0      0      0      4      0      0      0      0      5      0      0      0      0      12     32     0      0      0      25     0      0      1      0      0      0      0      0      0      0      0      0      0      0      0      0      0      13    
0x14c80f278360           ISETP.GT.U32.AND P1, PT, R11, R4, PT           99     15     99     1440000 46080000 46080000 32     32     0      -      -      -      0       0      0        0        0       -      0      0      0      0      0      0      0      0      7      0      0      0      0      4      0      0      0      0      11     39     0      0      0      38     0      0      0      0      0      0      0      2      0      0      0      0      0      0      0      0      0      13    
0x14c80f278370     @!P1  IADD3 R4, R4, -R11, RZ                         823    191    823    1440000 46080000 0        32     0      0      -      -      -      0       0      0        0        0       -      0      0      0      0      0      0      0      0      50     0      0      0      0      106    0      0      0      0      169    32     0      0      0      466    0      0      7      0      0      0      0      15     0      0      0      0      0      0      0      0      0      169   
0x14c80f278380           MOV R3, R4                                     319    53     319    1440000 46080000 46080000 32     32     0      -      -      -      0       0      0        0        0       -      0      0      0      0      0      0      0      0      24     0      0      0      0      71     0      0      0      0      100    27     0      0      0      97     0      0      1      0      0      0      0      11     0      0      0      0      0      0      0      0      0      41    
0x14c80f278390     @!P2  IADD3 R3, -R3, RZ, RZ                          332    51     332    1440000 46080000 0        32     0      0      -      -      -      0       0      0        0        0       -      0      0      0      0      0      0      0      0      30     0      0      0      0      64     0      0      0      0      116    18     0      0      0      104    0      0      2      0      0      0      0      13     0      0      0      0      0      0      0      0      0      36    
0x14c80f2783a0     @!P0  LOP3.LUT R3, RZ, c[0x0][0x184], RZ, 0x33, !PT  99     19     99     1440000 46080000 0        32     0      0      -      -      -      0       0      0        0        0       -      0      0      0      0      0      0      0      0      7      0      0      0      0      6      0      0      0      0      9      41     0      0      0      36     0      0      0      0      0      0      0      0      0      0      0      0      0      0      0      0      0      19    
0x14c80f2783b0           IMAD.WIDE R14, R3, R14, c[0x0][0x170]          529    63     529    1440000 46080000 46080000 32     32     0      -      -      -      0       0      0        0        0       -      0      0      0      0      0      0      0      0      31     0      0      0      0      159    0      0      0      0      179    37     0      0      0      123    0      0      2      0      0      0      0      22     0      0      0      0      0      0      0      0      0      39    
0x14c80f2783c0           LDG.E.CONSTANT R14, [R14.64]                   44209  19259  44209  1440000 46080000 46080000 32     32     0      Global Load   32     1440000 0      0        1440000  1440000        0      0      0      0      0      0      0      0      1621   0      0      31525  0      0      0      1289   0      0      9482   35     0      0      0      257    0      0      273    0      0      18010  0      0      0      863    0      0      0      0      0      0      0      113   
0x14c80f2783d0           MOV R5, c[0x0][0x180]                          42     0      42     1440000 46080000 46080000 32     32     0      -      -      -      0       0      0        0        0       -      0      0      0      0      0      0      0      0      10     0      0      0      0      0      0      0      0      0      0      32     0      0      0      0      0      0      0      0      0      0      0      0      0      0      0      0      0      0      0      0      0      0     
0x14c80f2783e0           ISETP.GE.AND P0, PT, R5, 0x1, PT               1193   78     1193   1440000 46080000 46080000 32     32     0      -      -      -      0       0      0        0        0       -      0      0      0      0      0      0      0      0      150    0      0      0      0      356    0      0      0      0      535    31     0      0      0      121    0      0      10     0      0      0      0      40     0      0      0      0      0      0      0      0      0      28    
0x14c80f2783f0           MOV R29, R14                                   3539   615    3539   1440000 46080000 46080000 32     32     0      -      -      -      0       0      0        0        0       -      0      0      0      0      0      0      0      0      203    0      0      0      2100   484    0      0      0      0      705    23     0      0      0      24     0      0      8      0      0      0      547    54     0      0      0      0      0      0      0      0      0      6     
0x14c80f278400           MOV R4, R14                                    124    14     124    1440000 46080000 46080000 32     32     0      -      -      -      0       0      0        0        0       -      0      0      0      0      0      0      0      0      12     0      0      0      0      18     0      0      0      0      16     35     0      0      0      43     0      0      1      0      0      0      0      0      0      0      0      0      0      0      0      0      0      13    
0x14c80f278410           MOV R27, R14                                   133    10     133    1440000 46080000 46080000 32     32     0      -      -      -      0       0      0        0        0       -      0      0      0      0      0      0      0      0      15     0      0      0      0      17     0      0      0      0      30     32     0      0      0      39     0      0      3      0      0      0      0      1      0      0      0      0      0      0      0      0      0      6     
0x14c80f278420     @!P0  BRA 0x14c80f279930                             727    23     727    1440000 46080000 0        32     0      0      -      -      -      0       0      0        0        0       -      0      0      0      0      0      0      0      0      76     0      0      0      0      0      0      0      0      0      403    35     0      0      0      213    0      0      0      0      0      0      0      0      0      0      0      0      0      0      0      0      0      23    
0x14c80f278430           IABS R16, c[0x0][0x194]                        280    24     280    1440000 46080000 46080000 32     32     0      -      -      -      0       0      0        0        0       -      0      0      0      0      0      0      0      0      7      0      0      0      0      38     0      0      0      0      48     40     0      0      0      147    0      0      0      0      0      0      0      1      0      0      0      0      0      0      0      0      0      23    
0x14c80f278440           IMAD R7, R7, c[0x0][0x184], RZ                 47     0      47     1440000 46080000 46080000 32     32     0      -      -      -      0       0      0        0        0       -      0      0      0      0      0      0      0      0      5      0      0      0      0      0      0      0      0      0      0      42     0      0      0      0      0      0      0      0      0      0      0      0      0      0      0      0      0      0      0      0      0      0     
0x14c80f278450           IABS R4, c[0x0][0x190]                         33     0      33     1440000 46080000 46080000 32     32     0      -      -      -      0       0      0        0        0       -      0      0      0      0      0      0      0      0      10     0      0      0      0      0      0      0      0      0      0      23     0      0      0      0      0      0      0      0      0      0      0      0      0      0      0      0      0      0      0      0      0      0     
0x14c80f278460           ULDC.64 UR8, c[0x0][0x188]                     27     0      27     1440000 46080000 46080000 32     32     0      -      -      -      0       0      0        0        0       -      0      0      0      0      0      0      0      0      0      0      0      0      0      0      0      0      0      0      0      27     0      0      0      0      0      0      0      0      0      0      0      0      0      0      0      0      0      0      0      0      0      0     
0x14c80f278470           I2F.RP R6, R16                                 245    27     245    1440000 46080000 46080000 32     32     0      -      -      -      0       0      0        0        0       -      0      0      0      0      0      0      0      0      26     0      0      0      0      0      0      105    0      0      91     23     0      0      0      0      0      0      0      0      0      0      0      0      0      27     0      0      0      0      0      0      0      0     
0x14c80f278480           UIMAD.WIDE UR4, UR9, UR8, URZ                  36     0      36     1440000 46080000 46080000 32     32     0      -      -      -      0       0      0        0        0       -      0      0      0      0      0      0      0      0      1      0      0      0      0      0      0      0      0      1      0      34     0      0      0      0      0      0      0      0      0      0      0      0      0      0      0      0      0      0      0      0      0      0     
0x14c80f278490           MOV R27, R14                                   31     0      31     1440000 46080000 46080000 32     32     0      -      -      -      0       0      0        0        0       -      0      0      0      0      0      0      0      0      0      0      0      0      0      0      0      0      0      0      0      31     0      0      0      0      0      0      0      0      0      0      0      0      0      0      0      0      0      0      0      0      0      0     
0x14c80f2784a0           USHF.R.S32.HI UR12, URZ, 0x1f, UR9             33     0      33     1440000 46080000 46080000 32     32     0      -      -      -      0       0      0        0        0       -      0      0      0      0      0      0      0      0      1      0      0      0      0      0      0      0      0      0      0      32     0      0      0      0      0      0      0      0      0      0      0      0      0      0      0      0      0      0      0      0      0      0     
0x14c80f2784b0           MOV R29, R14                                   40     0      40     1440000 46080000 46080000 32     32     0      -      -      -      0       0      0        0        0       -      0      0      0      0      0      0      0      0      3      0      0      0      0      0      0      0      0      0      0      37     0      0      0      0      0      0      0      0      0      0      0      0      0      0      0      0      0      0      0      0      0      0     
0x14c80f2784c0           USHF.L.U64.HI UR13, UR4, 0x2, UR5              33     0      33     1440000 46080000 46080000 32     32     0      -      -      -      0       0      0        0        0       -      0      0      0      0      0      0      0      0      0      0      0      0      0      0      0      0      0      0      0      33     0      0      0      0      0      0      0      0      0      0      0      0      0      0      0      0      0      0      0      0      0      0     
0x14c80f2784d0           USHF.L.U32 UR5, UR4, 0x2, URZ                  114    0      114    1440000 46080000 46080000 32     32     0      -      -      -      0       0      0        0        0       -      0      0      0      0      0      0      0      0      0      0      0      0      0      11     0      0      0      0      35     25     0      0      0      43     0      0      0      0      0      0      0      0      0      0      0      0      0      0      0      0      0      0     
0x14c80f2784e0           I2F.RP R10, R4                                 212    14     212    1440000 46080000 46080000 32     32     0      -      -      -      0       0      0        0        0       -      0      0      0      0      0      0      0      0      17     0      0      0      0      0      0      79     0      0      89     27     0      0      0      0      0      0      0      0      0      0      0      0      0      14     0      0      0      0      0      0      0      0     
0x14c80f2784f0           UIMAD.WIDE UR6, UR14, UR8, URZ                 30     0      30     1440000 46080000 46080000 32     32     0      -      -      -      0       0      0        0        0       -      0      0      0      0      0      0      0      0      0      0      0      0      0      0      0      0      0      0      0      30     0      0      0      0      0      0      0      0      0      0      0      0      0      0      0      0      0      0      0      0      0      0     
0x14c80f278500           UMOV UR4, URZ                                  585    0      585    1440000 46080000 46080000 32     32     0      -      -      -      0       0      0        0        0       -      0      0      0      0      0      0      0      0      105    0      0      0      0      0      0      0      0      0      414    30     0      0      0      36     0      0      0      0      0      0      0      0      0      0      0      0      0      0      0      0      0      0     
0x14c80f278510           MUFU.RCP R6, R6                                1251   77     1251   1440000 46080000 46080000 32     32     0      -      -      -      0       0      0        0        0       -      0      0      0      0      0      0      0      0      137    0      0      0      0      0      0      384    0      0      550    36     10     0      0      134    0      0      2      0      0      0      0      0      0      51     0      0      0      0      1      0      0      23    
0x14c80f278520           MUFU.RCP R10, R10                              802    74     802    1440000 46080000 46080000 32     32     0      -      -      -      0       0      0        0        0       -      0      0      0      0      0      0      0      0      61     0      0      0      0      0      0      178    0      0      259    39     0      0      0      265    0      0      0      0      0      0      0      0      0      29     0      0      0      0      0      0      0      45    
0x14c80f278530           IADD3 R8, R6, 0xffffffe, RZ                    1256   102    1256   1440000 46080000 46080000 32     32     0      -      -      -      0       0      0        0        0       -      0      0      0      0      0      0      0      0      171    0      0      0      0      416    0      0      0      0      517    44     108    0      0      0      0      0      20     0      0      0      0      62     0      0      0      0      0      0      20     0      0      0     
0x14c80f278540           IABS R6, R7                                    159    12     159    1440000 46080000 46080000 32     32     0      -      -      -      0       0      0        0        0       -      0      0      0      0      0      0      0      0      21     0      0      0      0      30     0      0      0      0      28     39     0      0      0      41     0      0      3      0      0      0      0      4      0      0      0      0      0      0      0      0      0      5     
0x14c80f278550           F2I.FTZ.U32.TRUNC.NTZ R9, R8                   692    48     692    1440000 46080000 46080000 32     32     0      -      -      -      0       0      0        0        0       -      0      0      0      0      0      0      0      0      75     0      0      0      0      0      0      125    0      0      306    27     0      0      0      159    0      0      0      0      0      0      0      0      0      22     0      0      0      0      0      0      0      26    
0x14c80f278560           IADD3 R12, R10, 0xffffffe, RZ                  391    22     391    1440000 46080000 46080000 32     32     0      -      -      -      0       0      0        0        0       -      0      0      0      0      0      0      0      0      62     0      0      0      0      129    0      0      0      0      144    33     23     0      0      0      0      0      3      0      0      0      0      14     0      0      0      0      0      0      5      0      0      0     
0x14c80f278570           F2I.FTZ.U32.TRUNC.NTZ R13, R12                 715    46     715    1440000 46080000 46080000 32     32     0      -      -      -      0       0      0        0        0       -      0      0      0      0      0      0      0      0      81     0      0      0      0      0      0      121    0      0      255    28     0      0      0      230    0      0      2      0      0      0      0      0      0      22     0      0      0      0      0      0      0      22    
0x14c80f278580           MOV R8, RZ                                     577    55     577    1440000 46080000 46080000 32     32     0      -      -      -      0       0      0        0        0       -      0      0      0      0      0      0      0      0      80     0      0      0      0      185    0      0      0      0      236    34     42     0      0      0      0      0      9      0      0      0      0      33     0      0      0      0      0      0      13     0      0      0     
0x14c80f278590           IADD3 R11, RZ, -R9, RZ                         330    20     330    1440000 46080000 46080000 32     32     0      -      -      -      0       0      0        0        0       -      0      0      0      0      0      0      0      0      45     0      0      0      0      97     0      0      0      0      122    25     3      0      0      38     0      0      2      0      0      0      0      9      0      0      0      0      0      0      1      0      0      8     
0x14c80f2785a0           MOV R12, RZ                                    1405   97     1405   1440000 46080000 46080000 32     32     0      -      -      -      0       0      0        0        0       -      0      0      0      0      0      0      0      0      183    0      0      0      0      414    0      0      0      0      534    34     201    0      0      39     0      0      18     0      0      0      0      59     0      0      0      0      0      0      15     0      0      5     
0x14c80f2785b0           IMAD R11, R11, R16, RZ                         1194   33     1194   1440000 46080000 46080000 32     32     0      -      -      -      0       0      0        0        0       -      0      0      0      0      0      0      0      0      131    0      0      0      0      426    0      0      0      0      514    28     0      0      0      95     0      0      5      0      0      0      0      17     0      0      0      0      0      0      0      0      0      11    
0x14c80f2785c0           IADD3 R15, RZ, -R13, RZ                        50     0      50     1440000 46080000 46080000 32     32     0      -      -      -      0       0      0        0        0       -      0      0      0      0      0      0      0      0      14     0      0      0      0      0      0      0      0      0      0      36     0      0      0      0      0      0      0      0      0      0      0      0      0      0      0      0      0      0      0      0      0      0     
0x14c80f2785d0           IMAD.HI.U32 R9, R9, R11, R8                    518    14     518    1440000 46080000 46080000 32     32     0      -      -      -      0       0      0        0        0       -      0      0      0      0      0      0      0      0      51     0      0      0      0      159    0      0      0      0      177    42     0      0      0      89     0      0      0      0      0      0      0      8      0      0      0      0      0      0      0      0      0      6     
0x14c80f2785e0           I2F.RP R11, R6                                 169    11     169    1440000 46080000 46080000 32     32     0      -      -      -      0       0      0        0        0       -      0      0      0      0      0      0      0      0      26     0      0      0      0      0      0      31     0      0      44     28     0      0      0      40     0      0      2      0      0      0      0      0      0      7      0      0      0      0      0      0      0      2     
0x14c80f2785f0           IMAD R15, R15, R4, RZ                          184    5      184    1440000 46080000 46080000 32     32     0      -      -      -      0       0      0        0        0       -      0      0      0      0      0      0      0      0      19     0      0      0      0      39     0      0      0      0      19     40     0      0      0      67     0      0      2      0      0      0      0      3      0      0      0      0      0      0      0      0      0      0     
0x14c80f278600           IMAD.HI.U32 R8, R9, R2, RZ                     129    0      129    1440000 46080000 46080000 32     32     0      -      -      -      0       0      0        0        0       -      0      0      0      0      0      0      0      0      9      0      0      0      0      8      0      0      0      0      17     33     0      0      0      62     0      0      0      0      0      0      0      0      0      0      0      0      0      0      0      0      0      0     
0x14c80f278610           IMAD.HI.U32 R12, R13, R15, R12                 876    31     876    1440000 46080000 46080000 32     32     0      -      -      -      0       0      0        0        0       -      0      0      0      0      0      0      0      0      105    0      0      0      0      283    0      0      0      0      340    27     0      0      0      121    0      0      0      0      0      0      0      24     0      0      0      0      0      0      0      0      0      7     
0x14c80f278620           IADD3 R9, -R8, RZ, RZ                          40     0      40     1440000 46080000 46080000 32     32     0      -      -      -      0       0      0        0        0       -      0      0      0      0      0      0      0      0      16     0      0      0      0      0      0      0      0      0      0      24     0      0      0      0      0      0      0      0      0      0      0      0      0      0      0      0      0      0      0      0      0      0     
0x14c80f278630           IABS R15, R7                                   257    20     257    1440000 46080000 46080000 32     32     0      -      -      -      0       0      0        0        0       -      0      0      0      0      0      0      0      0      62     0      0      0      0      51     0      0      0      0      70     32     0      0      0      42     0      0      8      0      0      0      0      7      0      0      0      0      0      0      0      0      0      5     
0x14c80f278640           IMAD R9, R16, R9, R2                           614    24     614    1440000 46080000 46080000 32     32     0      -      -      -      0       0      0        0        0       -      0      0      0      0      0      0      0      0      35     0      0      0      0      193    0      0      0      0      233    25     0      0      0      128    0      0      0      0      0      0      0      13     0      0      0      0      0      0      0      0      0      11    
0x14c80f278650           MUFU.RCP R11, R11                              93     8      93     1440000 46080000 46080000 32     32     0      -      -      -      0       0      0        0        0       -      0      0      0      0      0      0      0      0      11     0      0      0      0      0      0      26     0      0      20     36     0      0      0      0      0      0      0      0      0      0      0      0      0      8      0      0      0      0      0      0      0      0     
0x14c80f278660           ISETP.GT.U32.AND P1, PT, R16, R9, PT           288    34     288    1440000 46080000 46080000 32     32     0      -      -      -      0       0      0        0        0       -      0      0      0      0      0      0      0      0      21     0      0      0      0      66     0      0      0      0      47     36     0      0      0      118    0      0      4      0      0      0      0      15     0      0      0      0      0      0      0      0      0      15    
0x14c80f278670     @!P1  IADD3 R9, R9, -R16, RZ                         1728   176    1728   1440000 46080000 3839999  32     2      0      -      -      -      0       0      0        0        0       -      0      0      0      0      0      0      0      0      164    0      0      0      0      493    0      0      0      0      581    40     0      0      0      450    0      0      17     0      0      0      0      96     0      0      0      0      0      0      0      0      0      63    
0x14c80f278680     @!P1  IADD3 R8, R8, 0x1, RZ                          134    11     134    1440000 46080000 3839999  32     2      0      -      -      -      0       0      0        0        0       -      0      0      0      0      0      0      0      0      16     0      0      0      0      20     0      0      0      0      26     31     0      0      0      41     0      0      2      0      0      0      0      0      0      0      0      0      0      0      0      0      0      9     
0x14c80f278690           ISETP.GE.U32.AND P0, PT, R9, R16, PT           124    10     124    1440000 46080000 46080000 32     32     0      -      -      -      0       0      0        0        0       -      0      0      0      0      0      0      0      0      24     0      0      0      0      10     0      0      0      0      16     41     0      0      0      33     0      0      2      0      0      0      0      1      0      0      0      0      0      0      0      0      0      7     
0x14c80f2786a0           LOP3.LUT R9, R0, c[0x0][0x194], RZ, 0x3c, !PT  137    16     137    1440000 46080000 46080000 32     32     0      -      -      -      0       0      0        0        0       -      0      0      0      0      0      0      0      0      26     0      0      0      0      17     0      0      0      0      20     35     0      0      0      39     0      0      2      0      0      0      0      1      0      0      0      0      0      0      0      0      0      13    
0x14c80f2786b0           ISETP.NE.AND P1, PT, RZ, c[0x0][0x194], PT     139    14     139    1440000 46080000 46080000 32     32     0      -      -      -      0       0      0        0        0       -      0      0      0      0      0      0      0      0      22     0      0      0      0      12     0      0      0      0      27     39     0      0      0      39     0      0      1      0      0      0      0      3      0      0      0      0      0      0      0      0      0      10    
0x14c80f2786c0           ISETP.GE.AND P2, PT, R9, RZ, PT                129    14     129    1440000 46080000 46080000 32     32     0      -      -      -      0       0      0        0        0       -      0      0      0      0      0      0      0      0      8      0      0      0      0      11     0      0      0      0      25     45     0      0      0      40     0      0      1      0      0      0      0      2      0      0      0      0      0      0      0      0      0      11    
0x14c80f2786d0           IADD3 R9, R11, 0xffffffe, RZ                   820    69     820    1440000 46080000 46080000 32     32     0      -      -      -      0       0      0        0        0       -      0      0      0      0      0      0      0      0      97     0      0      0      0      274    0      0      0      0      372    30     0      0      0      47     0      0      11     0      0      0      0      48     0      0      0      0      0      0      0      0      0      10    
0x14c80f2786e0           F2I.FTZ.U32.TRUNC.NTZ R11, R9                  308    26     308    1440000 46080000 46080000 32     32     0      -      -      -      0       0      0        0        0       -      0      0      0      0      0      0      0      0      40     0      0      0      0      0      0      27     0      0      116    23     0      0      0      102    0      0      1      0      0      0      0      0      0      6      0      0      0      0      0      0      0      19    
0x14c80f2786f0     @P0   IADD3 R8, R8, 0x1, RZ                          51     0      51     1440000 46080000 0        32     0      0      -      -      -      0       0      0        0        0       -      0      0      0      0      0      0      0      0      9      0      0      0      0      0      0      0      0      0      0      42     0      0      0      0      0      0      0      0      0      0      0      0      0      0      0      0      0      0      0      0      0      0     
0x14c80f278700     @!P2  IADD3 R8, -R8, RZ, RZ                          576    56     576    1440000 46080000 0        32     0      0      -      -      -      0       0      0        0        0       -      0      0      0      0      0      0      0      0      49     0      0      0      0      149    0      0      0      0      168    31     0      0      0      179    0      0      3      0      0      0      0      24     0      0      0      0      0      0      0      0      0      29    
0x14c80f278710     @!P1  LOP3.LUT R8, RZ, c[0x0][0x194], RZ, 0x33, !PT  120    15     120    1440000 46080000 0        32     0      0      -      -      -      0       0      0        0        0       -      0      0      0      0      0      0      0      0      21     0      0      0      0      13     0      0      0      0      14     27     0      0      0      45     0      0      3      0      0      0      0      2      0      0      0      0      0      0      0      0      0      10    
0x14c80f278720           IABS R9, R8                                    426    36     426    1440000 46080000 46080000 32     32     0      -      -      -      0       0      0        0        0       -      0      0      0      0      0      0      0      0      48     0      0      0      0      97     0      0      0      0      126    32     12     0      0      111    0      0      5      0      0      0      0      14     0      0      0      0      0      0      1      0      0      16    
0x14c80f278730           ISETP.GE.AND P3, PT, R8, RZ, PT                120    18     120    1440000 46080000 46080000 32     32     0      -      -      -      0       0      0        0        0       -      0      0      0      0      0      0      0      0      19     0      0      0      0      16     0      0      0      0      14     35     0      0      0      36     0      0      4      0      0      0      0      0      0      0      0      0      0      0      0      0      0      14    
0x14c80f278740           IADD3 R10, RZ, -R11, RZ                        135    11     135    1440000 46080000 46080000 32     32     0      -      -      -      0       0      0        0        0       -      0      0      0      0      0      0      0      0      23     0      0      0      0      20     0      0      0      0      16     36     0      0      0      40     0      0      1      0      0      0      0      3      0      0      0      0      0      0      0      0      0      7     
0x14c80f278750           IMAD.HI.U32 R12, R12, R9, RZ                   40     0      40     1440000 46080000 46080000 32     32     0      -      -      -      0       0      0        0        0       -      0      0      0      0      0      0      0      0      7      0      0      0      0      0      0      0      0      0      0      33     0      0      0      0      0      0      0      0      0      0      0      0      0      0      0      0      0      0      0      0      0      0     
0x14c80f278760           MOV R13, R10                                   555    43     555    1440000 46080000 46080000 32     32     0      -      -      -      0       0      0        0        0       -      0      0      0      0      0      0      0      0      110    0      0      0      0      143    0      0      0      0      190    27     0      0      0      85     0      0      16     0      0      0      0      17     0      0      0      0      0      0      0      0      0      10    
0x14c80f278770           IADD3 R12, -R12, RZ, RZ                        160    20     160    1440000 46080000 46080000 32     32     0      -      -      -      0       0      0        0        0       -      0      0      0      0      0      0      0      0      29     0      0      0      0      19     0      0      0      0      31     33     0      0      0      48     0      0      9      0      0      0      0      3      0      0      0      0      0      0      0      0      0      8     
0x14c80f278780           MOV R10, RZ                                    130    9      130    1440000 46080000 46080000 32     32     0      -      -      -      0       0      0        0        0       -      0      0      0      0      0      0      0      0      15     0      0      0      0      12     0      0      0      0      19     44     0      0      0      40     0      0      1      0      0      0      0      1      0      0      0      0      0      0      0      0      0      7     
0x14c80f278790           IMAD R13, R13, R6, RZ                          37     0      37     1440000 46080000 46080000 32     32     0      -      -      -      0       0      0        0        0       -      0      0      0      0      0      0      0      0      3      0      0      0      0      0      0      0      0      0      0      34     0      0      0      0      0      0      0      0      0      0      0      0      0      0      0      0      0      0      0      0      0      0     
0x14c80f2787a0           IMAD R9, R4, R12, R9                           158    1      158    1440000 46080000 46080000 32     32     0      -      -      -      0       0      0        0        0       -      0      0      0      0      0      0      0      0      3      0      0      0      0      38     0      0      0      0      45     37     0      0      0      35     0      0      0      0      0      0      0      1      0      0      0      0      0      0      0      0      0      0     
0x14c80f2787b0           MOV R12, UR14                                  36     0      36     1440000 46080000 46080000 32     32     0      -      -      -      0       0      0        0        0       -      0      0      0      0      0      0      0      0      8      0      0      0      0      0      0      0      0      0      0      28     0      0      0      0      0      0      0      0      0      0      0      0      0      0      0      0      0      0      0      0      0      0     
0x14c80f2787c0           IMAD.HI.U32 R11, R11, R13, R10                 32     0      32     1440000 46080000 46080000 32     32     0      -      -      -      0       0      0        0        0       -      0      0      0      0      0      0      0      0      1      0      0      0      0      0      0      0      0      0      0      31     0      0      0      0      0      0      0      0      0      0      0      0      0      0      0      0      0      0      0      0      0      0     
0x14c80f2787d0           IADD3 R10, RZ, -R15, RZ                        34     0      34     1440000 46080000 46080000 32     32     0      -      -      -      0       0      0        0        0       -      0      0      0      0      0      0      0      0      5      0      0      0      0      0      0      0      0      0      0      29     0      0      0      0      0      0      0      0      0      0      0      0      0      0      0      0      0      0      0      0      0      0     
0x14c80f2787e0           ISETP.GT.U32.AND P1, PT, R4, R9, PT            652    45     652    1440000 46080000 46080000 32     32     0      -      -      -      0       0      0        0        0       -      0      0      0      0      0      0      0      0      138    0      0      0      0      188    0      0      0      0      248    35     0      0      0      43     0      0      18     0      0      0      0      22     0      0      0      0      0      0      0      0      0      5     
0x14c80f2787f0           MOV R15, 0x64                                  133    11     133    1440000 46080000 46080000 32     32     0      -      -      -      0       0      0        0        0       -      0      0      0      0      0      0      0      0      32     0      0      0      0      13     0      0      0      0      23     29     0      0      0      36     0      0      6      0      0      0      0      1      0      0      0      0      0      0      0      0      0      4     
0x14c80f278800           IMAD.HI.U32 R13, R11, R2, RZ                   54     0      54     1440000 46080000 46080000 32     32     0      -      -      -      0       0      0        0        0       -      0      0      0      0      0      0      0      0      9      0      0      0      0      0      0      0      0      0      0      45     0      0      0      0      0      0      0      0      0      0      0      0      0      0      0      0      0      0      0      0      0      0     
0x14c80f278810           IMAD R11, R13, R10, R2                         1006   30     1006   1440000 46080000 46080000 32     32     0      -      -      -      0       0      0        0        0       -      0      0      0      0      0      0      0      0      86     0      0      0      0      370    0      0      0      0      373    33     0      0      0      144    0      0      0      0      0      0      0      22     0      0      0      0      0      0      0      0      0      8     
0x14c80f278820           SHF.R.S32.HI R2, RZ, 0x1f, R5                  71     0      71     1440000 46080000 46080000 32     32     0      -      -      -      0       0      0        0        0       -      0      0      0      0      0      0      0      0      23     0      0      0      0      0      0      0      0      0      0      48     0      0      0      0      0      0      0      0      0      0      0      0      0      0      0      0      0      0      0      0      0      0     
0x14c80f278830           SHF.R.S32.HI R5, RZ, 0x1f, R3                  181    16     181    1440000 46080000 46080000 32     32     0      -      -      -      0       0      0        0        0       -      0      0      0      0      0      0      0      0      23     0      0      0      0      48     0      0      0      0      52     26     0      0      0      32     0      0      2      0      0      0      0      6      0      0      0      0      0      0      0      0      0      8     
0x14c80f278840           ISETP.GT.U32.AND P0, PT, R6, R11, PT           128    16     128    1440000 46080000 46080000 32     32     0      -      -      -      0       0      0        0        0       -      0      0      0      0      0      0      0      0      16     0      0      0      0      19     0      0      0      0      32     28     0      0      0      33     0      0      4      0      0      0      0      3      0      0      0      0      0      0      0      0      0      9     
0x14c80f278850           IMAD R2, R2, R3, RZ                            35     0      35     1440000 46080000 46080000 32     32     0      -      -      -      0       0      0        0        0       -      0      0      0      0      0      0      0      0      3      0      0      0      0      0      0      0      0      0      0      32     0      0      0      0      0      0      0      0      0      0      0      0      0      0      0      0      0      0      0      0      0      0     
0x14c80f278860     @!P1  IADD3 R9, R9, -R4, RZ                          45     0      45     1440000 46080000 3839988  32     2      0      -      -      -      0       0      0        0        0       -      0      0      0      0      0      0      0      0      14     0      0      0      0      0      0      0      0      0      0      31     0      0      0      0      0      0      0      0      0      0      0      0      0      0      0      0      0      0      0      0      0      0     
0x14c80f278870           LOP3.LUT R10, R0, R7, RZ, 0x3c, !PT            151    5      151    1440000 46080000 46080000 32     32     0      -      -      -      0       0      0        0        0       -      0      0      0      0      0      0      0      0      19     0      0      0      0      21     0      0      0      0      37     38     0      0      0      36     0      0      3      0      0      0      0      0      0      0      0      0      0      0      0      0      0      2     
0x14c80f278880           IMAD R5, R5, c[0x0][0x180], R2                 34     0      34     1440000 46080000 46080000 32     32     0      -      -      -      0       0      0        0        0       -      0      0      0      0      0      0      0      0      7      0      0      0      0      0      0      0      0      0      0      27     0      0      0      0      0      0      0      0      0      0      0      0      0      0      0      0      0      0      0      0      0      0     
0x14c80f278890           ISETP.GT.U32.AND P4, PT, R4, R9, PT            44     0      44     1440000 46080000 46080000 32     32     0      -      -      -      0       0      0        0        0       -      0      0      0      0      0      0      0      0      11     0      0      0      0      0      0      0      0      0      0      33     0      0      0      0      0      0      0      0      0      0      0      0      0      0      0      0      0      0      0      0      0      0     
0x14c80f2788a0           IMAD.WIDE.U32 R2, R3, c[0x0][0x180], RZ        38     0      38     1440000 46080000 46080000 32     32     0      -      -      -      0       0      0        0        0       -      0      0      0      0      0      0      0      0      1      0      0      0      0      0      0      0      0      0      0      37     0      0      0      0      0      0      0      0      0      0      0      0      0      0      0      0      0      0      0      0      0      0     
0x14c80f2788b0           ISETP.GE.AND P2, PT, R10, RZ, PT               33     0      33     1440000 46080000 46080000 32     32     0      -      -      -      0       0      0        0        0       -      0      0      0      0      0      0      0      0      7      0      0      0      0      0      0      0      0      0      0      26     0      0      0      0      0      0      0      0      0      0      0      0      0      0      0      0      0      0      0      0      0      0     
0x14c80f2788c0     @!P0  IADD3 R11, R11, -R6, RZ                        823    56     823    1440000 46080000 142359   32     0      0      -      -      -      0       0      0        0        0       -      0      0      0      0      0      0      0      0      87     0      0      0      0      217    0      0      0      0      289    35     0      0      0      195    0      0      14     0      0      0      0      29     0      0      0      0      0      0      0      0      0      13    
0x14c80f2788d0     @!P0  IADD3 R13, R13, 0x1, RZ                        99     7      99     1440000 46080000 142359   32     0      0      -      -      -      0       0      0        0        0       -      0      0      0      0      0      0      0      0      7      0      0      0      0      17     0      0      0      0      16     33     0      0      0      26     0      0      1      0      0      0      0      3      0      0      0      0      0      0      0      0      0      3     
0x14c80f2788e0           ISETP.GE.U32.AND P1, PT, R11, R6, PT           113    21     113    1440000 46080000 46080000 32     32     0      -      -      -      0       0      0        0        0       -      0      0      0      0      0      0      0      0      21     0      0      0      0      11     0      0      0      0      17     25     0      0      0      39     0      0      6      0      0      0      0      2      0      0      0      0      0      0      0      0      0      13    
0x14c80f2788f0           IMAD.WIDE.U32 R10, R2, R15, c[0x0][0x168]      33     0      33     1440000 46080000 46080000 32     32     0      -      -      -      0       0      0        0        0       -      0      0      0      0      0      0      0      0      4      0      0      0      0      0      0      0      0      0      0      29     0      0      0      0      0      0      0      0      0      0      0      0      0      0      0      0      0      0      0      0      0      0     
0x14c80f278900     @!P4  IADD3 R9, R9, -R4, RZ                          47     0      47     1440000 46080000 0        32     0      0      -      -      -      0       0      0        0        0       -      0      0      0      0      0      0      0      0      5      0      0      0      0      0      0      0      0      0      0      42     0      0      0      0      0      0      0      0      0      0      0      0      0      0      0      0      0      0      0      0      0      0     
0x14c80f278910           ISETP.NE.AND P4, PT, RZ, c[0x0][0x190], PT     131    11     131    1440000 46080000 46080000 32     32     0      -      -      -      0       0      0        0        0       -      0      0      0      0      0      0      0      0      22     0      0      0      0      14     0      0      0      0      24     37     0      0      0      34     0      0      2      0      0      0      0      3      0      0      0      0      0      0      0      0      0      6     
0x14c80f278920           IADD3 R2, R3, R5, RZ                           145    25     145    1440000 46080000 46080000 32     32     0      -      -      -      0       0      0        0        0       -      0      0      0      0      0      0      0      0      50     0      0      0      0      8      0      0      0      0      16     33     0      0      0      38     0      0      17     0      0      0      0      0      0      0      0      0      0      0      0      0      0      8     
0x14c80f278930           IADD3 R16, P5, R10, 0x8, RZ                    565    74     565    1440000 46080000 46080000 32     32     0      -      -      -      0       0      0        0        0       -      0      0      0      0      0      0      0      0      56     0      0      0      0      155    0      0      0      0      275    37     0      0      0      42     0      0      10     0      0      0      0      52     0      0      0      0      0      0      0      0      0      12    
0x14c80f278940     @!P3  IADD3 R9, -R9, RZ, RZ                          102    17     102    1440000 46080000 0        32     0      0      -      -      -      0       0      0        0        0       -      0      0      0      0      0      0      0      0      10     0      0      0      0      5      0      0      0      0      21     27     0      0      0      39     0      0      0      0      0      0      0      1      0      0      0      0      0      0      0      0      0      16    
0x14c80f278950           IMAD R3, R2, 0x64, RZ                          35     0      35     1440000 46080000 46080000 32     32     0      -      -      -      0       0      0        0        0       -      0      0      0      0      0      0      0      0      6      0      0      0      0      0      0      0      0      0      0      29     0      0      0      0      0      0      0      0      0      0      0      0      0      0      0      0      0      0      0      0      0      0     
0x14c80f278960           ISETP.NE.AND P0, PT, R7, RZ, PT                45     0      45     1440000 46080000 46080000 32     32     0      -      -      -      0       0      0        0        0       -      0      0      0      0      0      0      0      0      10     0      0      0      0      0      0      0      0      0      0      35     0      0      0      0      0      0      0      0      0      0      0      0      0      0      0      0      0      0      0      0      0      0     
0x14c80f278970     @P1   IADD3 R13, R13, 0x1, RZ                        96     6      96     1440000 46080000 0        32     0      0      -      -      -      0       0      0        0        0       -      0      0      0      0      0      0      0      0      5      0      0      0      0      5      0      0      0      0      11     39     0      0      0      36     0      0      0      0      0      0      0      1      0      0      0      0      0      0      0      0      0      5     
0x14c80f278980           IADD3.X R17, R11, R3, RZ, P5, !PT              74     8      74     1440000 46080000 46080000 32     32     0      -      -      -      0       0      0        0        0       -      0      0      0      0      0      0      0      0      5      0      0      0      0      8      0      0      0      0      7      26     0      0      0      28     0      0      0      0      0      0      0      2      0      0      0      0      0      0      0      0      0      6     
0x14c80f278990           IADD3 R3, -R8, RZ, RZ                          98     16     98     1440000 46080000 46080000 32     32     0      -      -      -      0       0      0        0        0       -      0      0      0      0      0      0      0      0      6      0      0      0      0      4      0      0      0      0      14     40     0      0      0      34     0      0      2      0      0      0      0      1      0      0      0      0      0      0      0      0      0      13    
0x14c80f2789a0     @!P4  LOP3.LUT R9, RZ, c[0x0][0x190], RZ, 0x33, !PT  467    50     467    1440000 46080000 0        32     0      0      -      -      -      0       0      0        0        0       -      0      0      0      0      0      0      0      0      51     0      0      0      0      154    0      0      0      0      187    35     0      0      0      40     0      0      3      0      0      0      0      35     0      0      0      0      0      0      0      0      0      12    
0x14c80f2789b0           MOV R5, R13                                    94     24     94     1440000 46080000 46080000 32     32     0      -      -      -      0       0      0        0        0       -      0      0      0      0      0      0      0      0      14     0      0      0      0      4      0      0      0      0      16     28     0      0      0      32     0      0      3      0      0      0      0      1      0      0      0      0      0      0      0      0      0      20    
0x14c80f2789c0           IMAD R2, R3, c[0x0][0x194], R0                 46     0      46     1440000 46080000 46080000 32     32     0      -      -      -      0       0      0        0        0       -      0      0      0      0      0      0      0      0      5      0      0      0      0      0      0      0      0      0      0      41     0      0      0      0      0      0      0      0      0      0      0      0      0      0      0      0      0      0      0      0      0      0     
0x14c80f2789d0           MOV R4, R14                                    44     0      44     1440000 46080000 46080000 32     32     0      -      -      -      0       0      0        0        0       -      0      0      0      0      0      0      0      0      6      0      0      0      0      0      0      0      0      0      0      38     0      0      0      0      0      0      0      0      0      0      0      0      0      0      0      0      0      0      0      0      0      0     
0x14c80f2789e0           IMAD R9, R9, c[0x0][0x18c], RZ                 28     0      28     1440000 46080000 46080000 32     32     0      -      -      -      0       0      0        0        0       -      0      0      0      0      0      0      0      0      0      0      0      0      0      0      0      0      0      0      0      28     0      0      0      0      0      0      0      0      0      0      0      0      0      0      0      0      0      0      0      0      0      0     
0x14c80f2789f0     @!P2  IADD3 R5, -R5, RZ, RZ                          46     0      46     1440000 46080000 0        32     0      0      -      -      -      0       0      0        0        0       -      0      0      0      0      0      0      0      0      7      0      0      0      0      0      0      0      0      0      0      39     0      0      0      0      0      0      0      0      0      0      0      0      0      0      0      0      0      0      0      0      0      0     
0x14c80f278a00           SHF.L.U32 R2, R2, 0x1, RZ                      97     4      97     1440000 46080000 46080000 32     32     0      -      -      -      0       0      0        0        0       -      0      0      0      0      0      0      0      0      4      0      0      0      0      6      0      0      0      0      24     32     0      0      0      31     0      0      1      0      0      0      0      0      0      0      0      0      0      0      0      0      0      3     
0x14c80f278a10           SHF.L.U32 R9, R9, 0x1, RZ                      85     12     85     1440000 46080000 46080000 32     32     0      -      -      -      0       0      0        0        0       -      0      0      0      0      0      0      0      0      3      0      0      0      0      6      0      0      0      0      13     34     0      0      0      29     0      0      1      0      0      0      0      0      0      0      0      0      0      0      0      0      0      11    
0x14c80f278a20     @!P0  LOP3.LUT R5, RZ, R7, RZ, 0x33, !PT             400    41     400    1440000 46080000 0        32     0      0      -      -      -      0       0      0        0        0       -      0      0      0      0      0      0      0      0      37     0      0      0      0      118    0      0      0      0      165    43     0      0      0      37     0      0      4      0      0      0      0      26     0      0      0      0      0      0      0      0      0      11    
0x14c80f278a30           IMAD.WIDE R18, R2, 0x4, RZ                     35     0      35     1440000 46080000 46080000 32     32     0      -      -      -      0       0      0        0        0       -      0      0      0      0      0      0      0      0      5      0      0      0      0      0      0      0      0      0      0      30     0      0      0      0      0      0      0      0      0      0      0      0      0      0      0      0      0      0      0      0      0      0     
0x14c80f278a40           IMAD.WIDE R12, R9, R12, c[0x0][0x160]          775    17     775    1440000 46080000 46080000 32     32     0      -      -      -      0       0      0        0        0       -      0      0      0      0      0      0      0      0      60     0      0      0      0      282    0      0      0      0      254    40     0      0      0      139    0      0      1      0      0      0      0      6      0      0      0      0      0      0      0      0      0      10    
0x14c80f278a50           USHF.R.S32.HI UR8, URZ, 0x1f, UR4              341    14     341    1440000 46080000 46080000 32     32     0      -      -      -      0       0      0        0        0       -      0      0      0      0      0      0      0      0      59     0      0      0      0      10     0      0      0      0      105    31     0      0      0      136    0      0      0      0      0      0      0      0      0      0      0      0      0      0      0      0      0      14    
0x14c80f278a60           MOV R6, UR4                                    56     0      56     1440000 46080000 46080000 32     32     0      -      -      -      0       0      0        0        0       -      0      0      0      0      0      0      0      0      23     0      0      0      0      0      0      0      0      0      0      33     0      0      0      0      0      0      0      0      0      0      0      0      0      0      0      0      0      0      0      0      0      0     
0x14c80f278a70           MOV R7, UR8                                    423    38     423    1440000 46080000 46080000 32     32     0      -      -      -      0       0      0        0        0       -      0      0      0      0      0      0      0      0      40     0      0      0      0      93     0      0      0      0      116    30     0      0      0      144    0      0      3      0      0      0      0      15     0      0      0      0      0      0      0      0      0      20    
0x14c80f278a80           UIMAD UR8, UR4, 0x19, URZ                      35     0      35     1440000 46080000 46080000 32     32     0      -      -      -      0       0      0        0        0       -      0      0      0      0      0      0      0      0      6      0      0      0      0      0      0      0      0      0      0      29     0      0      0      0      0      0      0      0      0      0      0      0      0      0      0      0      0      0      0      0      0      0     
0x14c80f278a90           MOV R25, UR6                                   41     0      41     1440000 46080000 46080000 32     32     0      -      -      -      0       0      0        0        0       -      0      0      0      0      0      0      0      0      11     0      0      0      0      0      0      0      0      0      0      30     0      0      0      0      0      0      0      0      0      0      0      0      0      0      0      0      0      0      0      0      0      0     
0x14c80f278aa0           IMAD.WIDE R6, R5, c[0x0][0x180], R6            527    22     527    1440000 46080000 46080000 32     32     0      -      -      -      0       0      0        0        0       -      0      0      0      0      0      0      0      0      39     0      0      0      0      164    0      0      0      0      202    35     0      0      0      87     0      0      3      0      0      0      0      10     0      0      0      0      0      0      0      0      0      9     
0x14c80f278ab0           MOV R21, UR8                                   191    21     191    1440000 46080000 46080000 32     32     0      -      -      -      0       0      0        0        0       -      0      0      0      0      0      0      0      0      49     0      0      0      0      49     0      0      0      0      21     37     0      0      0      35     0      0      12     0      0      0      0      9      0      0      0      0      0      0      0      0      0      0     
0x14c80f278ac0           IMAD R9, R6, UR7, RZ                           209    14     209    1440000 46080000 46080000 32     32     0      -      -      -      0       0      0        0        0       -      0      0      0      0      0      0      0      0      38     0      0      0      0      50     0      0      0      0      22     45     0      0      0      54     0      0      8      0      0      0      0      3      0      0      0      0      0      0      0      0      0      3     
0x14c80f278ad0           IMAD.WIDE.U32 R24, R6, R25, c[0x2][0x0]        156    10     156    1440000 46080000 46080000 32     32     0      -      -      -      0       0      0        0        0       -      0      0      0      0      0      0      0      0      12     0      31     0      0      12     0      0      0      2      25     34     0      0      0      40     0      0      0      0      8      0      0      0      0      0      0      1      0      0      0      0      0      1     
0x14c80f278ae0           IMAD R9, R7, UR6, R9                           682    23     682    1440000 46080000 46080000 32     32     0      -      -      -      0       0      0        0        0       -      0      0      0      0      0      0      0      0      66     0      0      0      0      236    0      0      0      0      253    26     0      0      0      101    0      0      4      0      0      0      0      16     0      0      0      0      0      0      0      0      0      3     
0x14c80f278af0           IMAD R3, R6, UR13, RZ                          137    8      137    1440000 46080000 46080000 32     32     0      -      -      -      0       0      0        0        0       -      0      0      0      0      0      0      0      0      9      0      0      0      0      13     0      0      0      0      15     41     0      0      0      59     0      0      0      0      0      0      0      0      0      0      0      0      0      0      0      0      0      8     
0x14c80f278b00           IMAD.WIDE.U32 R10, R6, UR5, R18                114    9      114    1440000 46080000 46080000 32     32     0      -      -      -      0       0      0        0        0       -      0      0      0      0      0      0      0      0      1      0      0      0      0      12     0      0      0      0      26     27     0      0      0      48     0      0      0      0      0      0      0      2      0      0      0      0      0      0      0      0      0      7     
0x14c80f278b10           IADD3 R6, R25, R9, RZ                          39     0      39     1440000 46080000 46080000 32     32     0      -      -      -      0       0      0        0        0       -      0      0      0      0      0      0      0      0      8      0      0      0      0      0      0      0      0      0      0      31     0      0      0      0      0      0      0      0      0      0      0      0      0      0      0      0      0      0      0      0      0      0     
0x14c80f278b20           IMAD R3, R7, UR5, R3                           695    30     695    1440000 46080000 46080000 32     32     0      -      -      -      0       0      0        0        0       -      0      0      0      0      0      0      0      0      82     0      0      0      0      235    0      0      0      0      258    38     0      0      0      82     0      0      5      0      0      0      0      22     0      0      0      0      0      0      0      0      0      3     
0x14c80f278b30           IADD3 R2, P0, R12, R10, RZ                     52     0      52     1440000 46080000 46080000 32     32     0      -      -      -      0       0      0        0        0       -      0      0      0      0      0      0      0      0      17     0      0      0      0      0      0      0      0      0      0      35     0      0      0      0      0      0      0      0      0      0      0      0      0      0      0      0      0      0      0      0      0      0     
0x14c80f278b40           IMAD R7, R24, UR12, RZ                         50     0      50     1440000 46080000 46080000 32     32     0      -      -      -      0       0      0        0        0       -      0      0      0      0      0      0      0      0      12     0      0      0      0      0      0      0      0      0      0      38     0      0      0      0      0      0      0      0      0      0      0      0      0      0      0      0      0      0      0      0      0      0     
0x14c80f278b50           IMAD.WIDE.U32 R24, R24, c[0x0][0x18c], R18     140    5      140    1440000 46080000 46080000 32     32     0      -      -      -      0       0      0        0        0       -      0      0      0      0      0      0      0      0      2      0      0      0      0      18     0      0      0      0      30     34     0      0      0      56     0      0      0      0      0      0      0      3      0      0      0      0      0      0      0      0      0      2     
0x14c80f278b60           IADD3 R31, R11, R3, RZ                         42     0      42     1440000 46080000 46080000 32     32     0      -      -      -      0       0      0        0        0       -      0      0      0      0      0      0      0      0      7      0      0      0      0      0      0      0      0      0      0      35     0      0      0      0      0      0      0      0      0      0      0      0      0      0      0      0      0      0      0      0      0      0     
0x14c80f278b70           IMAD R7, R6, c[0x0][0x18c], R7                 678    32     678    1440000 46080000 46080000 32     32     0      -      -      -      0       0      0        0        0       -      0      0      0      0      0      0      0      0      89     0      0      0      0      244    0      0      0      0      232    42     0      0      0      71     0      0      4      0      0      0      0      25     0      0      0      0      0      0      0      0      0      3     
0x14c80f278b80           IADD3.X R3, R13, R31, RZ, P0, !PT              47     0      47     1440000 46080000 46080000 32     32     0      -      -      -      0       0      0        0        0       -      0      0      0      0      0      0      0      0      21     0      0      0      0      0      0      0      0      0      0      26     0      0      0      0      0      0      0      0      0      0      0      0      0      0      0      0      0      0      0      0      0      0     
0x14c80f278b90           IMAD.WIDE R20, R21, 0x4, R16                   43     0      43     1440000 46080000 46080000 32     32     0      -      -      -      0       0      0        0        0       -      0      0      0      0      0      0      0      0      12     0      0      0      0      0      0      0      0      0      0      31     0      0      0      0      0      0      0      0      0      0      0      0      0      0      0      0      0      0      0      0      0      0     
0x14c80f278ba0           IADD3 R6, P0, R12, R24, RZ                     54     0      54     1440000 46080000 46080000 32     32     0      -      -      -      0       0      0        0        0       -      0      0      0      0      0      0      0      0      26     0      0      0      0      0      0      0      0      0      0      28     0      0      0      0      0      0      0      0      0      0      0      0      0      0      0      0      0      0      0      0      0      0     
0x14c80f278bb0           IADD3 R33, R25, R7, RZ                         164    3      164    1440000 46080000 46080000 32     32     0      -      -      -      0       0      0        0        0       -      0      0      0      0      0      0      0      0      45     0      0      0      0      29     0      0      0      0      24     31     0      0      0      35     0      0      1      0      0      0      0      1      0      0      0      0      0      0      0      0      0      1     
0x14c80f278bc0           LDG.E.CONSTANT R35, [R2.64]                    6353   1953   6353   1440000 46080000 46080000 32     32     0      Global Load   32     6240000 0      5760000  11520000 5760000        0      0      0      0      0      0      0      0      328    0      0      4121   0      0      0      295    0      0      1582   27     0      0      0      0      0      0      32     0      0      1774   0      0      0      147    0      0      0      0      0      0      0      0     
0x14c80f278bd0           IADD3.X R7, R13, R33, RZ, P0, !PT              221    11     221    1440000 46080000 46080000 32     32     0      -      -      -      0       0      0        0        0       -      0      0      0      0      0      0      0      0      16     0      0      0      0      34     0      0      0      0      27     29     0      0      0      115    0      0      1      0      0      0      0      1      0      0      0      0      0      0      0      0      0      9     
0x14c80f278be0           LDG.E.CONSTANT R32, [R20.64+-0x8]              4605   1429   4605   1440000 46080000 46080000 32     32     0      Global Load   32     1560000 0      0        1600000  1600000        0      0      0      0      0      0      0      0      265    0      0      3046   0      0      0      211    0      0      1049   34     0      0      0      0      0      0      38     0      0      1298   0      0      0      93     0      0      0      0      0      0      0      0     
0x14c80f278bf0           LDG.E.CONSTANT R11, [R6.64]                    3977   1180   3977   1440000 46080000 46080000 32     32     0      Global Load   32     7680000 0      10560000 16320000 5760000        0      0      0      0      0      0      0      0      251    0      0      2475   0      0      0      144    0      0      956    41     0      0      0      110    0      0      36     0      0      1048   0      0      0      79     0      0      0      0      0      0      0      17    
0x14c80f278c00           LDG.E.CONSTANT R30, [R6.64+0x4]                2212   639    2212   1440000 46080000 46080000 32     32     0      Global Load   32     7680000 0      10560000 16320000 5760000        0      0      0      0      0      0      0      0      123    0      0      1350   0      0      0      74     0      0      551    25     0      0      0      89     0      0      10     0      0      574    0      0      0      35     0      0      0      0      0      0      0      20    
0x14c80f278c10           LDG.E.CONSTANT R34, [R2.64+0x4]                1836   514    1836   1440000 46080000 46080000 32     32     0      Global Load   32     6240000 0      5760000  11520000 5760000        0      0      0      0      0      0      0      0      99     0      0      1110   0      0      0      57     0      0      430    30     0      0      0      110    0      0      9      0      0      466    0      0      0      24     0      0      0      0      0      0      0      15    
0x14c80f278c20           LDG.E.CONSTANT R9, [R20.64+-0x4]               1634   467    1634   1440000 46080000 46080000 32     32     0      Global Load   32     1570000 0      0        1600000  1600000        0      0      0      0      0      0      0      0      86     0      0      944    0      0      0      54     0      0      401    32     0      0      0      117    0      0      11     0      0      399    0      0      0      31     0      0      0      0      0      0      0      26    
0x14c80f278c30           LDG.E.CONSTANT R8, [R2.64+0x8]                 1565   489    1565   1440000 46080000 46080000 32     32     0      Global Load   32     7680000 0      10560000 16320000 5760000        0      0      0      0      0      0      0      0      86     0      0      949    0      0      0      52     0      0      323    24     0      0      0      131    0      0      8      0      0      427    0      0      0      28     0      0      0      0      0      0      0      26    
0x14c80f278c40           LDG.E.CONSTANT R15, [R6.64+0x8]                1500   455    1500   1440000 46080000 46080000 32     32     0      Global Load   32     7680000 0      10560000 16320000 5760000        0      0      0      0      0      0      0      0      61     0      0      928    0      0      0      41     0      0      327    35     0      0      0      108    0      0      8      0      0      405    0      0      0      19     0      0      0      0      0      0      0      23    
0x14c80f278c50           LDG.E.CONSTANT R22, [R20.64]                   1456   494    1456   1440000 46080000 46080000 32     32     0      Global Load   32     1560000 0      0        1600000  1600000        0      0      0      0      0      0      0      0      80     0      0      888    0      0      0      51     0      0      294    34     0      0      0      109    0      0      5      0      0      422    0      0      0      32     0      0      0      0      0      0      0      35    
0x14c80f278c60           LDG.E.CONSTANT R23, [R2.64+0xc]                1391   473    1391   1440000 46080000 46080000 32     32     0      Global Load   32     7680000 0      10560000 16320000 5760000        0      0      0      0      0      0      0      0      78     0      0      838    0      0      0      38     0      0      294    35     0      0      0      108    0      0      9      0      0      414    0      0      0      20     0      0      0      0      0      0      0      30    
0x14c80f278c70           LDG.E.CONSTANT R25, [R6.64+0xc]                1371   462    1371   1440000 46080000 46080000 32     32     0      Global Load   32     7680000 0      10560000 16320000 5760000        0      0      0      0      0      0      0      0      63     0      0      821    0      0      0      37     0      0      293    38     0      0      0      119    0      0      12     0      0      395    0      0      0      25     0      0      0      0      0      0      0      30    
0x14c80f278c80           LDG.E.CONSTANT R26, [R2.64+0x10]               1392   471    1392   1440000 46080000 46080000 32     32     0      Global Load   32     7680000 0      10560000 16320000 5760000        0      0      0      0      0      0      0      0      63     0      0      850    0      0      0      40     0      0      288    34     0      0      0      117    0      0      6      0      0      412    0      0      0      18     0      0      0      0      0      0      0      35    
0x14c80f278c90           LDG.E.CONSTANT R28, [R2.64+0x14]               1282   454    1282   1440000 46080000 46080000 32     32     0      Global Load   32     7680000 0      10560000 16320000 5760000        0      0      0      0      0      0      0      0      40     0      0      784    0      0      0      40     0      0      247    28     0      0      0      143    0      0      3      0      0      388    0      0      0      17     0      0      0      0      0      0      0      46    
0x14c80f278ca0           FFMA R35, R35, R32, R14                        1588   263    1588   1440000 46080000 46080000 32     32     0      -      -      -      0       0      0        0        0       -      0      0      0      0      0      0      0      0      10     0      0      0      1494   27     0      0      0      0      29     28     0      0      0      0      0      0      0      0      0      0      262    1      0      0      0      0      0      0      0      0      0      0     
0x14c80f278cb0           LDG.E.CONSTANT R14, [R6.64+0x14]               2159   796    2159   1440000 46080000 46080000 32     32     0      Global Load   32     6240000 0      5760000  11520000 5760000        0      0      0      0      0      0      0      0      94     0      0      1408   0      0      0      90     0      0      446    29     0      0      0      92     0      0      14     0      0      694    0      0      0      55     0      0      0      0      0      0      0      33    
0x14c80f278cc0           FFMA R11, R32, R11, R4                         953    246    953    1440000 46080000 46080000 32     32     0      -      -      -      0       0      0        0        0       -      0      0      0      0      0      0      0      0      8      0      0      0      862    19     0      0      0      0      25     39     0      0      0      0      0      0      0      0      0      0      243    3      0      0      0      0      0      0      0      0      0      0     
0x14c80f278cd0           LDG.E.CONSTANT R4, [R6.64+0x10]                1844   689    1844   1440000 46080000 46080000 32     32     0      Global Load   32     6240000 0      5760000  11520000 5760000        0      0      0      0      0      0      0      0      75     0      0      1223   0      0      0      69     0      0      367    28     0      0      0      82     0      0      14     0      0      605    0      0      0      43     0      0      0      0      0      0      0      27    
0x14c80f278ce0           FFMA R36, R32, R30, R27                        186    24     186    1440000 46080000 46080000 32     32     0      -      -      -      0       0      0        0        0       -      0      0      0      0      0      0      0      0      8      0      0      0      134    8      0      0      0      0      4      32     0      0      0      0      0      0      0      0      0      0      24     0      0      0      0      0      0      0      0      0      0      0     
0x14c80f278cf0           LDG.E.CONSTANT R27, [R20.64+0x4]               1568   583    1568   1440000 46080000 46080000 32     32     0      Global Load   32     1570000 0      0        1600000  1600000        0      0      0      0      0      0      0      0      73     0      0      1001   0      0      0      56     0      0      305    39     0      0      0      94     0      0      15     0      0      513    0      0      0      32     0      0      0      0      0      0      0      23    
0x14c80f278d00           FFMA R29, R32, R34, R29                        1447   371    1447   1440000 46080000 46080000 32     32     0      -      -      -      0       0      0        0        0       -      0      0      0      0      0      0      0      0      11     0      0      0      1316   40     0      0      0      0      48     32     0      0      0      0      0      0      0      0      0      0      366    5      0      0      0      0      0      0      0      0      0      0     
0x14c80f278d10           FFMA R32, R30, R9, R11                         120    20     120    1440000 46080000 46080000 32     32     0      -      -      -      0       0      0        0        0       -      0      0      0      0      0      0      0      0      11     0      0      0      0      8      0      0      0      0      15     40     0      0      0      46     0      0      1      0      0      0      0      2      0      0      0      0      0      0      0      0      0      17    
0x14c80f278d20           LDG.E.CONSTANT R11, [R20.64+0x8]               1332   518    1332   1440000 46080000 46080000 32     32     0      Global Load   32     1560000 0      0        1600000  1600000        0      0      0      0      0      0      0      0      53     0      0      890    0      0      0      55     0      0      246    42     0      0      0      46     0      0      10     0      0      468    0      0      0      27     0      0      0      0      0      0      0      13    
0x14c80f278d30           MOV R3, UR9                                    43     0      43     1440000 46080000 46080000 32     32     0      -      -      -      0       0      0        0        0       -      0      0      0      0      0      0      0      0      5      0      0      0      0      0      0      0      0      0      0      38     0      0      0      0      0      0      0      0      0      0      0      0      0      0      0      0      0      0      0      0      0      0     
0x14c80f278d40           FFMA R35, R34, R9, R35                         37     0      37     1440000 46080000 46080000 32     32     0      -      -      -      0       0      0        0        0       -      0      0      0      0      0      0      0      0      5      0      0      0      0      0      0      0      0      0      0      32     0      0      0      0      0      0      0      0      0      0      0      0      0      0      0      0      0      0      0      0      0      0     
0x14c80f278d50           IMAD.WIDE R2, R3, 0x4, R12                     555    69     555    1440000 46080000 46080000 32     32     0      -      -      -      0       0      0        0        0       -      0      0      0      0      0      0      0      0      32     0      0      0      0      172    0      0      0      0      184    40     0      0      0      127    0      0      4      0      0      0      0      36     0      0      0      0      0      0      0      0      0      29    
0x14c80f278d60           FFMA R29, R9, R8, R29                          443    48     443    1440000 46080000 46080000 32     32     0      -      -      -      0       0      0        0        0       -      0      0      0      0      0      0      0      0      41     0      0      0      0      123    0      0      0      0      99     36     0      0      0      144    0      0      6      0      0      0      0      13     0      0      0      0      0      0      0      0      0      29    
0x14c80f278d70           FFMA R30, R9, R15, R36                         141    12     141    1440000 46080000 46080000 32     32     0      -      -      -      0       0      0        0        0       -      0      0      0      0      0      0      0      0      6      0      0      0      0      7      0      0      0      0      10     38     0      0      0      80     0      0      2      0      0      0      0      1      0      0      0      0      0      0      0      0      0      9     
0x14c80f278d80           FFMA R6, R8, R22, R35                          122    12     122    1440000 46080000 46080000 32     32     0      -      -      -      0       0      0        0        0       -      0      0      0      0      0      0      0      0      7      0      0      0      6      12     0      0      0      0      12     38     0      0      0      47     0      0      0      0      0      0      3      2      0      0      0      0      0      0      0      0      0      7     
0x14c80f278d90           IADD3 R8, P0, R2, R10, RZ                      40     0      40     1440000 46080000 46080000 32     32     0      -      -      -      0       0      0        0        0       -      0      0      0      0      0      0      0      0      5      0      0      0      0      0      0      0      0      0      0      35     0      0      0      0      0      0      0      0      0      0      0      0      0      0      0      0      0      0      0      0      0      0     
0x14c80f278da0           FFMA R32, R15, R22, R32                        41     0      41     1440000 46080000 46080000 32     32     0      -      -      -      0       0      0        0        0       -      0      0      0      0      0      0      0      0      5      0      0      0      0      0      0      0      0      0      0      36     0      0      0      0      0      0      0      0      0      0      0      0      0      0      0      0      0      0      0      0      0      0     
0x14c80f278db0           FFMA R29, R22, R23, R29                        142    13     142    1440000 46080000 46080000 32     32     0      -      -      -      0       0      0        0        0       -      0      0      0      0      0      0      0      0      8      0      0      0      0      16     0      0      0      0      28     33     0      0      0      57     0      0      1      0      0      0      0      3      0      0      0      0      0      0      0      0      0      9     
0x14c80f278dc0           IADD3.X R9, R3, R31, RZ, P0, !PT               49     0      49     1440000 46080000 46080000 32     32     0      -      -      -      0       0      0        0        0       -      0      0      0      0      0      0      0      0      13     0      0      0      0      0      0      0      0      0      0      36     0      0      0      0      0      0      0      0      0      0      0      0      0      0      0      0      0      0      0      0      0      0     
0x14c80f278dd0           FFMA R30, R22, R25, R30                        62     0      62     1440000 46080000 46080000 32     32     0      -      -      -      0       0      0        0        0       -      0      0      0      0      0      0      0      0      31     0      0      0      0      0      0      0      0      0      0      31     0      0      0      0      0      0      0      0      0      0      0      0      0      0      0      0      0      0      0      0      0      0     
0x14c80f278de0           LDG.E.CONSTANT R15, [R20.64+0xc]               391    121    391    1440000 46080000 46080000 32     32     0      Global Load   32     1570000 0      0        1600000  1600000        0      0      0      0      0      0      0      0      46     0      0      234    0      0      0      12     0      0      69     30     0      0      0      0      0      0      2      0      0      113    0      0      0      6      0      0      0      0      0      0      0      0     
0x14c80f278df0           LDG.E.CONSTANT R22, [R8.64]                    1628   597    1628   1440000 46080000 46080000 32     32     0      Global Load   32     7680000 0      10560000 16320000 5760000        0      0      0      0      0      0      0      0      61     0      0      1014   0      0      0      53     0      0      340    35     0      0      0      125    0      0      8      0      0      531    0      0      0      36     0      0      0      0      0      0      0      22    
0x14c80f278e00           LDG.E.CONSTANT R34, [R8.64+0x4]                1603   505    1603   1440000 46080000 46080000 32     32     0      Global Load   32     7680000 0      10560000 16320000 5760000        0      0      0      0      0      0      0      0      80     0      0      980    0      0      0      42     0      0      345    32     0      0      0      124    0      0      11     0      0      431    0      0      0      22     0      0      0      0      0      0      0      41    
0x14c80f278e10           FFMA R23, R23, R27, R6                         132    17     132    1440000 46080000 46080000 32     32     0      -      -      -      0       0      0        0        0       -      0      0      0      0      0      0      0      0      11     0      0      0      62     7      0      0      0      0      9      43     0      0      0      0      0      0      0      0      0      0      16     1      0      0      0      0      0      0      0      0      0      0     
0x14c80f278e20           IADD3 R6, P0, R2, R24, RZ                      50     0      50     1440000 46080000 46080000 32     32     0      -      -      -      0       0      0        0        0       -      0      0      0      0      0      0      0      0      11     0      0      0      0      0      0      0      0      0      0      39     0      0      0      0      0      0      0      0      0      0      0      0      0      0      0      0      0      0      0      0      0      0     
0x14c80f278e30           FFMA R32, R25, R27, R32                        49     0      49     1440000 46080000 46080000 32     32     0      -      -      -      0       0      0        0        0       -      0      0      0      0      0      0      0      0      6      0      0      0      0      0      0      0      0      0      0      43     0      0      0      0      0      0      0      0      0      0      0      0      0      0      0      0      0      0      0      0      0      0     
0x14c80f278e40           FFMA R29, R27, R26, R29                        441    28     441    1440000 46080000 46080000 32     32     0      -      -      -      0       0      0        0        0       -      0      0      0      0      0      0      0      0      31     0      0      0      0      158    0      0      0      0      180    32     0      0      0      40     0      0      1      0      0      0      0      19     0      0      0      0      0      0      0      0      0      8     
0x14c80f278e50           IADD3.X R7, R3, R33, RZ, P0, !PT               45     0      45     1440000 46080000 46080000 32     32     0      -      -      -      0       0      0        0        0       -      0      0      0      0      0      0      0      0      9      0      0      0      0      0      0      0      0      0      0      36     0      0      0      0      0      0      0      0      0      0      0      0      0      0      0      0      0      0      0      0      0      0     
0x14c80f278e60           FFMA R27, R27, R4, R30                         32     1      32     1440000 46080000 46080000 32     32     0      -      -      -      0       0      0        0        0       -      0      0      0      0      0      0      0      0      4      0      0      0      1      0      0      0      0      0      0      27     0      0      0      0      0      0      0      0      0      0      1      0      0      0      0      0      0      0      0      0      0      0     
0x14c80f278e70           LDG.E.CONSTANT R25, [R8.64+0x8]                703    187    703    1440000 46080000 46080000 32     32     0      Global Load   32     7680000 0      10560000 16320000 5760000        0      0      0      0      0      0      0      0      39     0      0      445    0      0      0      33     0      0      152    34     0      0      0      0      0      0      6      0      0      171    0      0      0      10     0      0      0      0      0      0      0      0     
0x14c80f278e80           FFMA R28, R11, R28, R29                        167    22     167    1440000 46080000 46080000 32     32     0      -      -      -      0       0      0        0        0       -      0      0      0      0      0      0      0      0      10     0      0      0      105    6      0      0      0      0      11     35     0      0      0      0      0      0      0      0      0      0      22     0      0      0      0      0      0      0      0      0      0      0     
0x14c80f278e90           FFMA R29, R11, R14, R27                        2096   536    2096   1440000 46080000 46080000 32     32     0      -      -      -      0       0      0        0        0       -      0      0      0      0      0      0      0      0      11     0      0      0      1806   108    0      0      0      0      99     41     0      0      0      31     0      0      1      0      0      0      513    18     0      0      0      0      0      0      0      0      0      4     
0x14c80f278ea0           LDG.E.CONSTANT R35, [R6.64]                    1342   441    1342   1440000 46080000 46080000 32     32     0      Global Load   32     6720000 0      5760000  11520000 5760000        0      0      0      0      0      0      0      0      61     0      0      889    0      0      0      62     0      0      298    32     0      0      0      0      0      0      9      0      0      400    0      0      0      32     0      0      0      0      0      0      0      0     
0x14c80f278eb0           FFMA R30, R4, R11, R32                         47     0      47     1440000 46080000 46080000 32     32     0      -      -      -      0       0      0        0        0       -      0      0      0      0      0      0      0      0      8      0      0      0      0      0      0      0      0      0      0      39     0      0      0      0      0      0      0      0      0      0      0      0      0      0      0      0      0      0      0      0      0      0     
0x14c80f278ec0           LDG.E.CONSTANT R27, [R20.64+0x10]              1189   356    1189   1440000 46080000 46080000 32     32     0      Global Load   32     1560000 0      0        1600000  1600000        0      0      0      0      0      0      0      0      51     0      0      696    0      0      0      55     0      0      273    37     0      0      0      77     0      0      10     0      0      303    0      0      0      25     0      0      0      0      0      0      0      18    
0x14c80f278ed0           LDG.E.CONSTANT R32, [R6.64+0x4]                845    229    845    1440000 46080000 46080000 32     32     0      Global Load   32     6720000 0      5760000  11520000 5760000        0      0      0      0      0      0      0      0      31     0      0      436    0      0      0      32     0      0      170    31     0      0      0      145    0      0      2      0      0      177    0      0      0      19     0      0      0      0      0      0      0      31    
0x14c80f278ee0           LDG.E.CONSTANT R4, [R20.64+0x14]               790    242    790    1440000 46080000 46080000 32     32     0      Global Load   32     1570000 0      0        1600000  1600000        0      0      0      0      0      0      0      0      45     0      0      402    0      0      0      29     0      0      151    41     0      0      0      122    0      0      8      0      0      183    0      0      0      17     0      0      0      0      0      0      0      34    
0x14c80f278ef0           FFMA R23, R26, R11, R23                        36     0      36     1440000 46080000 46080000 32     32     0      -      -      -      0       0      0        0        0       -      0      0      0      0      0      0      0      0      3      0      0      0      0      0      0      0      0      0      0      33     0      0      0      0      0      0      0      0      0      0      0      0      0      0      0      0      0      0      0      0      0      0     
0x14c80f278f00           LDG.E.CONSTANT R11, [R8.64+0xc]                955    286    955    1440000 46080000 46080000 32     32     0      Global Load   32     7680000 0      10560000 16320000 5760000        0      0      0      0      0      0      0      0      39     0      0      576    0      0      0      34     0      0      197    25     0      0      0      84     0      0      3      0      0      243    0      0      0      20     0      0      0      0      0      0      0      20    
0x14c80f278f10           LDG.E.CONSTANT R14, [R8.64+0x10]               830    260    830    1440000 46080000 46080000 32     32     0      Global Load   32     6240000 0      5760000  11520000 5760000        0      0      0      0      0      0      0      0      40     0      0      436    0      0      0      27     0      0      160    26     0      0      0      141    0      0      3      0      0      198    0      0      0      18     0      0      0      0      0      0      0      41    
0x14c80f278f20           FFMA R23, R22, R15, R23                        38     0      38     1440000 46080000 46080000 32     32     0      -      -      -      0       0      0        0        0       -      0      0      0      0      0      0      0      0      5      0      0      0      0      0      0      0      0      0      0      33     0      0      0      0      0      0      0      0      0      0      0      0      0      0      0      0      0      0      0      0      0      0     
0x14c80f278f30           LDG.E.CONSTANT R26, [R8.64+0x14]               897    267    897    1440000 46080000 46080000 32     32     0      Global Load   32     6240000 0      5760000  11520000 5760000        0      0      0      0      0      0      0      0      44     0      0      488    0      0      0      36     0      0      201    40     0      0      0      88     0      0      5      0      0      215    0      0      0      18     0      0      0      0      0      0      0      29    
0x14c80f278f40           FFMA R22, R15, R34, R28                        40     0      40     1440000 46080000 46080000 32     32     0      -      -      -      0       0      0        0        0       -      0      0      0      0      0      0      0      0      5      0      0      0      0      0      0      0      0      0      0      35     0      0      0      0      0      0      0      0      0      0      0      0      0      0      0      0      0      0      0      0      0      0     
0x14c80f278f50           LDG.E.CONSTANT R28, [R6.64+0x8]                833    246    833    1440000 46080000 46080000 32     32     0      Global Load   32     7680000 0      10560000 16320000 5760000        0      0      0      0      0      0      0      0      40     0      0      461    0      0      0      25     0      0      179    36     0      0      0      92     0      0      4      0      0      207    0      0      0      16     0      0      0      0      0      0      0      19    
0x14c80f278f60           FFMA R30, R15, R35, R30                        1537   407    1537   1440000 46080000 46080000 32     32     0      -      -      -      0       0      0        0        0       -      0      0      0      0      0      0      0      0      9      0      0      0      1429   24     0      0      0      0      36     39     0      0      0      0      0      0      0      0      0      0      403    4      0      0      0      0      0      0      0      0      0      0     
0x14c80f278f70           FFMA R34, R34, R27, R23                        308    57     308    1440000 46080000 46080000 32     32     0      -      -      -      0       0      0        0        0       -      0      0      0      0      0      0      0      0      19     0      0      0      111    55     0      0      0      0      50     30     0      0      0      43     0      0      3      0      0      0      35     7      0      0      0      0      0      0      0      0      0      12    
0x14c80f278f80           FFMA R8, R27, R25, R22                         433    86     433    1440000 46080000 46080000 32     32     0      -      -      -      0       0      0        0        0       -      0      0      0      0      0      0      0      0      13     0      0      0      192    61     0      0      0      0      77     42     0      0      0      48     0      0      0      0      0      0      65     11     0      0      0      0      0      0      0      0      0      10    
0x14c80f278f90           LDG.E.CONSTANT R23, [R20.64+0x1c]              452    141    452    1440000 46080000 46080000 32     32     0      Global Load   32     1570000 0      0        1600000  1600000        0      0      0      0      0      0      0      0      25     0      0      261    0      0      0      12     0      0      113    41     0      0      0      0      0      0      2      0      0      134    0      0      0      5      0      0      0      0      0      0      0      0     
0x14c80f278fa0           FFMA R29, R15, R32, R29                        2677   735    2677   1440000 46080000 46080000 32     32     0      -      -      -      0       0      0        0        0       -      0      0      0      0      0      0      0      0      23     0      0      0      2445   90     0      0      0      0      87     32     0      0      0      0      0      0      2      0      0      0      717    16     0      0      0      0      0      0      0      0      0      0     
0x14c80f278fb0           LDG.E.CONSTANT R15, [R20.64+0x18]              744    244    744    1440000 46080000 46080000 32     32     0      Global Load   32     1560000 0      0        1600000  1600000        0      0      0      0      0      0      0      0      43     0      0      423    0      0      0      22     0      0      146    26     0      0      0      84     0      0      7      0      0      210    0      0      0      11     0      0      0      0      0      0      0      16    
0x14c80f278fc0           FFMA R34, R25, R4, R34                         42     0      42     1440000 46080000 46080000 32     32     0      -      -      -      0       0      0        0        0       -      0      0      0      0      0      0      0      0      5      0      0      0      0      0      0      0      0      0      0      37     0      0      0      0      0      0      0      0      0      0      0      0      0      0      0      0      0      0      0      0      0      0     
0x14c80f278fd0           LDG.E.CONSTANT R25, [R6.64+0xc]                528    160    528    1440000 46080000 46080000 32     32     0      Global Load   32     7680000 0      10560000 16320000 5760000        0      0      0      0      0      0      0      0      28     0      0      261    0      0      0      15     0      0      101    32     0      0      0      91     0      0      4      0      0      125    0      0      0      4      0      0      0      0      0      0      0      27    
0x14c80f278fe0           LDG.E.CONSTANT R22, [R6.64+0x10]               519    161    519    1440000 46080000 46080000 32     32     0      Global Load   32     7680000 0      10560000 16320000 5760000        0      0      0      0      0      0      0      0      18     0      0      213    0      0      0      20     0      0      82     37     0      0      0      149    0      0      0      0      0      110    0      0      0      8      0      0      0      0      0      0      0      43    
0x14c80f278ff0           MOV R35, UR9                                   48     0      48     1440000 46080000 46080000 32     32     0      -      -      -      0       0      0        0        0       -      0      0      0      0      0      0      0      0      7      0      0      0      0      0      0      0      0      0      0      41     0      0      0      0      0      0      0      0      0      0      0      0      0      0      0      0      0      0      0      0      0      0     
0x14c80f279000           FFMA R9, R32, R27, R30                         45     0      45     1440000 46080000 46080000 32     32     0      -      -      -      0       0      0        0        0       -      0      0      0      0      0      0      0      0      6      0      0      0      0      0      0      0      0      0      0      39     0      0      0      0      0      0      0      0      0      0      0      0      0      0      0      0      0      0      0      0      0      0     
0x14c80f279010           LDG.E.CONSTANT R30, [R6.64+0x14]               548    169    548    1440000 46080000 46080000 32     32     0      Global Load   32     7680000 0      10560000 16320000 5760000        0      0      0      0      0      0      0      0      25     0      0      317    0      0      0      21     0      0      94     48     0      0      0      43     0      0      1      0      0      143    0      0      0      10     0      0      0      0      0      0      0      15    
0x14c80f279020           IMAD.WIDE R2, R35, 0x4, R2                     137    15     137    1440000 46080000 46080000 32     32     0      -      -      -      0       0      0        0        0       -      0      0      0      0      0      0      0      0      5      0      0      0      0      32     0      0      0      0      20     35     0      0      0      45     0      0      0      0      0      0      0      4      0      0      0      0      0      0      0      0      0      11    
0x14c80f279030           FFMA R29, R27, R28, R29                        461    40     461    1440000 46080000 46080000 32     32     0      -      -      -      0       0      0        0        0       -      0      0      0      0      0      0      0      0      48     0      0      0      0      115    0      0      0      0      119    45     0      0      0      134    0      0      2      0      0      0      0      11     0      0      0      0      0      0      0      0      0      27    
0x14c80f279040           FFMA R8, R4, R11, R8                           140    5      140    1440000 46080000 46080000 32     32     0      -      -      -      0       0      0        0        0       -      0      0      0      0      0      0      0      0      5      0      0      0      0      9      0      0      0      0      13     31     0      0      0      82     0      0      0      0      0      0      0      1      0      0      0      0      0      0      0      0      0      4     
0x14c80f279050           IADD3 R6, P1, R2, R24, RZ                      722    203    722    1440000 46080000 46080000 32     32     0      -      -      -      0       0      0        0        0       -      0      0      0      0      0      0      0      0      30     0      0      0      565    46     0      0      0      0      56     25     0      0      0      0      0      0      2      0      0      0      196    5      0      0      0      0      0      0      0      0      0      0     
0x14c80f279060           FFMA R28, R28, R4, R9                          35     0      35     1440000 46080000 46080000 32     32     0      -      -      -      0       0      0        0        0       -      0      0      0      0      0      0      0      0      2      0      0      0      0      0      0      0      0      0      0      33     0      0      0      0      0      0      0      0      0      0      0      0      0      0      0      0      0      0      0      0      0      0     
0x14c80f279070           IADD3.X R7, R3, R33, RZ, P1, !PT               270    14     270    1440000 46080000 46080000 32     32     0      -      -      -      0       0      0        0        0       -      0      0      0      0      0      0      0      0      38     0      0      0      0      50     0      0      0      0      64     31     0      0      0      87     0      0      5      0      0      0      0      3      0      0      0      0      0      0      0      0      0      6     
0x14c80f279080           LDG.E.CONSTANT R32, [R6.64+0x4]                820    236    820    1440000 46080000 46080000 32     32     0      Global Load   32     7680000 0      10560000 16320000 5760000        0      0      0      0      0      0      0      0      36     0      0      376    0      0      0      11     0      0      146    39     0      0      0      212    0      0      2      0      0      176    0      0      0      9      0      0      0      0      0      0      0      49    
0x14c80f279090           FFMA R34, R11, R15, R34                        201    47     201    1440000 46080000 46080000 32     32     0      -      -      -      0       0      0        0        0       -      0      0      0      0      0      0      0      0      13     0      0      0      110    20     0      0      0      0      24     34     0      0      0      0      0      0      0      0      0      0      42     5      0      0      0      0      0      0      0      0      0      0     
0x14c80f2790a0           FFMA R8, R15, R14, R8                          143    11     143    1440000 46080000 46080000 32     32     0      -      -      -      0       0      0        0        0       -      0      0      0      0      0      0      0      0      12     0      0      0      0      15     0      0      0      0      23     44     0      0      0      49     0      0      0      0      0      0      0      4      0      0      0      0      0      0      0      0      0      7     
0x14c80f2790b0           FFMA R29, R4, R25, R29                         202    49     202    1440000 46080000 46080000 32     32     0      -      -      -      0       0      0        0        0       -      0      0      0      0      0      0      0      0      2      0      0      0      79     15     0      0      0      0      31     25     0      0      0      50     0      0      0      0      0      0      37     4      0      0      0      0      0      0      0      0      0      8     
0x14c80f2790c0           FFMA R14, R14, R23, R34                        153    19     153    1440000 46080000 46080000 32     32     0      -      -      -      0       0      0        0        0       -      0      0      0      0      0      0      0      0      8      0      0      0      9      16     0      0      0      0      18     53     0      0      0      49     0      0      1      0      0      0      3      2      0      0      0      0      0      0      0      0      0      13    
0x14c80f2790d0           FFMA R27, R25, R15, R28                        133    18     133    1440000 46080000 46080000 32     32     0      -      -      -      0       0      0        0        0       -      0      0      0      0      0      0      0      0      2      0      0      0      0      18     0      0      0      0      16     51     0      0      0      46     0      0      0      0      0      0      0      5      0      0      0      0      0      0      0      0      0      13    
0x14c80f2790e0           LDG.E.CONSTANT R34, [R6.64]                    286    89     286    1440000 46080000 46080000 32     32     0      Global Load   32     7680000 0      10560000 16320000 5760000        0      0      0      0      0      0      0      0      14     0      0      160    0      0      0      10     0      0      59     43     0      0      0      0      0      0      1      0      0      83     0      0      0      5      0      0      0      0      0      0      0      0     
0x14c80f2790f0           FFMA R29, R15, R22, R29                        4558   1210   4558   1440000 46080000 46080000 32     32     0      -      -      -      0       0      0        0        0       -      0      0      0      0      0      0      0      0      11     0      0      0      4359   68     0      0      0      0      81     39     0      0      0      0      0      0      0      0      0      0      1198   12     0      0      0      0      0      0      0      0      0      0     
0x14c80f279100           FFMA R26, R23, R26, R8                         168    12     168    1440000 46080000 46080000 32     32     0      -      -      -      0       0      0        0        0       -      0      0      0      0      0      0      0      0      14     0      0      0      0      29     0      0      0      0      33     50     0      0      0      42     0      0      1      0      0      0      0      5      0      0      0      0      0      0      0      0      0      6     
0x14c80f279110           LDG.E.CONSTANT R15, [R20.64+0x20]              289    92     289    1440000 46080000 46080000 32     32     0      Global Load   32     1560000 0      0        1600000  1600000        0      0      0      0      0      0      0      0      16     0      0      178    0      0      0      13     0      0      53     29     0      0      0      0      0      0      0      0      0      84     0      0      0      8      0      0      0      0      0      0      0      0     
0x14c80f279120           IADD3 R8, P0, R2, R10, RZ                      45     0      45     1440000 46080000 46080000 32     32     0      -      -      -      0       0      0        0        0       -      0      0      0      0      0      0      0      0      6      0      0      0      0      0      0      0      0      0      0      39     0      0      0      0      0      0      0      0      0      0      0      0      0      0      0      0      0      0      0      0      0      0     
0x14c80f279130           LDG.E.CONSTANT R25, [R20.64+0x24]              506    161    506    1440000 46080000 46080000 32     32     0      Global Load   32     1570000 0      0        1600000  1600000        0      0      0      0      0      0      0      0      25     0      0      250    0      0      0      11     0      0      86     34     0      0      0      100    0      0      2      0      0      125    0      0      0      7      0      0      0      0      0      0      0      27    
0x14c80f279140           IADD3.X R9, R3, R31, RZ, P0, !PT               43     0      43     1440000 46080000 46080000 32     32     0      -      -      -      0       0      0        0        0       -      0      0      0      0      0      0      0      0      8      0      0      0      0      0      0      0      0      0      0      35     0      0      0      0      0      0      0      0      0      0      0      0      0      0      0      0      0      0      0      0      0      0     
0x14c80f279150           LDG.E.CONSTANT R28, [R6.64+0x8]                491    152    491    1440000 46080000 46080000 32     32     0      Global Load   32     7680000 0      10560000 16320000 5760000        0      0      0      0      0      0      0      0      26     0      0      218    0      0      0      13     0      0      85     42     0      0      0      107    0      0      4      0      0      105    0      0      0      8      0      0      0      0      0      0      0      35    
0x14c80f279160           LDG.E.CONSTANT R11, [R8.64]                    485    170    485    1440000 46080000 46080000 32     32     0      Global Load   32     6720000 0      5760000  11520000 5760000        0      0      0      0      0      0      0      0      16     0      0      213    0      0      0      13     0      0      58     37     0      0      0      148    0      0      4      0      0      115    0      0      0      6      0      0      0      0      0      0      0      45    
0x14c80f279170           LDG.E.CONSTANT R4, [R8.64+0x4]                 473    161    473    1440000 46080000 46080000 32     32     0      Global Load   32     6720000 0      5760000  11520000 5760000        0      0      0      0      0      0      0      0      18     0      0      199    0      0      0      9      0      0      75     41     0      0      0      131    0      0      2      0      0      103    0      0      0      5      0      0      0      0      0      0      0      51    
0x14c80f279180           FFMA R27, R22, R23, R27                        62     0      62     1440000 46080000 46080000 32     32     0      -      -      -      0       0      0        0        0       -      0      0      0      0      0      0      0      0      6      0      0      0      0      0      0      0      0      0      0      56     0      0      0      0      0      0      0      0      0      0      0      0      0      0      0      0      0      0      0      0      0      0     
0x14c80f279190           LDG.E.CONSTANT R22, [R8.64+0x8]                518    141    518    1440000 46080000 46080000 32     32     0      Global Load   32     7680000 0      10560000 16320000 5760000        0      0      0      0      0      0      0      0      22     0      0      242    0      0      0      14     0      0      111    35     0      0      0      94     0      0      1      0      0      105    0      0      0      7      0      0      0      0      0      0      0      28    
0x14c80f2791a0           FFMA R30, R23, R30, R29                        52     0      52     1440000 46080000 46080000 32     32     0      -      -      -      0       0      0        0        0       -      0      0      0      0      0      0      0      0      4      0      0      0      0      0      0      0      0      0      0      48     0      0      0      0      0      0      0      0      0      0      0      0      0      0      0      0      0      0      0      0      0      0     
0x14c80f2791b0           LDG.E.CONSTANT R29, [R6.64+0x14]               503    143    503    1440000 46080000 46080000 32     32     0      Global Load   32     6720000 0      5760000  11520000 5760000        0      0      0      0      0      0      0      0      21     0      0      245    0      0      0      12     0      0      96     44     0      0      0      85     0      0      1      0      0      112    0      0      0      6      0      0      0      0      0      0      0      24    
0x14c80f2791c0           FFMA R34, R15, R34, R27                        693    214    693    1440000 46080000 46080000 32     32     0      -      -      -      0       0      0        0        0       -      0      0      0      0      0      0      0      0      13     0      0      0      583    33     0      0      0      0      34     30     0      0      0      0      0      0      2      0      0      0      208    4      0      0      0      0      0      0      0      0      0      0     
0x14c80f2791d0           LDG.E.CONSTANT R27, [R20.64+0x28]              457    131    457    1440000 46080000 46080000 32     32     0      Global Load   32     1560000 0      0        1600000  1600000        0      0      0      0      0      0      0      0      28     0      0      228    0      0      0      11     0      0      73     37     0      0      0      80     0      0      6      0      0      95     0      0      0      8      0      0      0      0      0      0      0      22    
0x14c80f2791e0           FFMA R35, R15, R32, R30                        38     0      38     1440000 46080000 46080000 32     32     0      -      -      -      0       0      0        0        0       -      0      0      0      0      0      0      0      0      11     0      0      0      0      0      0      0      0      0      0      27     0      0      0      0      0      0      0      0      0      0      0      0      0      0      0      0      0      0      0      0      0      0     
0x14c80f2791f0           LDG.E.CONSTANT R30, [R6.64+0xc]                472    154    472    1440000 46080000 46080000 32     32     0      Global Load   32     7680000 0      10560000 16320000 5760000        0      0      0      0      0      0      0      0      17     0      0      233    0      0      0      27     0      0      70     31     0      0      0      94     0      0      2      0      0      112    0      0      0      16     0      0      0      0      0      0      0      24    
0x14c80f279200           FFMA R11, R11, R15, R14                        567    161    567    1440000 46080000 46080000 32     32     0      -      -      -      0       0      0        0        0       -      0      0      0      0      0      0      0      0      5      0      0      0      436    37     0      0      0      0      50     39     0      0      0      0      0      0      0      0      0      0      157    4      0      0      0      0      0      0      0      0      0      0     
0x14c80f279210           LDG.E.CONSTANT R14, [R8.64+0xc]                440    124    440    1440000 46080000 46080000 32     32     0      Global Load   32     7680000 0      10560000 16320000 5760000        0      0      0      0      0      0      0      0      16     0      0      192    0      0      0      15     0      0      75     43     0      0      0      99     0      0      2      0      0      87     0      0      0      10     0      0      0      0      0      0      0      25    
0x14c80f279220           FFMA R26, R15, R4, R26                         192    44     192    1440000 46080000 46080000 32     32     0      -      -      -      0       0      0        0        0       -      0      0      0      0      0      0      0      0      11     0      0      0      102    21     0      0      0      0      14     44     0      0      0      0      0      0      0      0      0      0      42     2      0      0      0      0      0      0      0      0      0      0     
0x14c80f279230           LDG.E.CONSTANT R15, [R20.64+0x2c]              427    127    427    1440000 46080000 46080000 32     32     0      Global Load   32     1570000 0      0        1600000  1600000        0      0      0      0      0      0      0      0      12     0      0      207    0      0      0      10     0      0      69     34     0      0      0      95     0      0      0      0      0      93     0      0      0      8      0      0      0      0      0      0      0      26    
0x14c80f279240           FFMA R34, R32, R25, R34                        32     0      32     1440000 46080000 46080000 32     32     0      -      -      -      0       0      0        0        0       -      0      0      0      0      0      0      0      0      3      0      0      0      0      0      0      0      0      0      0      29     0      0      0      0      0      0      0      0      0      0      0      0      0      0      0      0      0      0      0      0      0      0     
0x14c80f279250           FFMA R23, R4, R25, R11                         118    21     118    1440000 46080000 46080000 32     32     0      -      -      -      0       0      0        0        0       -      0      0      0      0      0      0      0      0      18     0      0      0      0      12     0      0      0      0      14     37     0      0      0      37     0      0      4      0      0      0      0      2      0      0      0      0      0      0      0      0      0      15    
0x14c80f279260           FFMA R32, R25, R22, R26                        501    126    501    1440000 46080000 46080000 32     32     0      -      -      -      0       0      0        0        0       -      0      0      0      0      0      0      0      0      14     0      0      0      320    40     0      0      0      0      46     34     0      0      0      47     0      0      2      0      0      0      106    3      0      0      0      0      0      0      0      0      0      15    
0x14c80f279270           LDG.E.CONSTANT R4, [R8.64+0x10]                258    99     258    1440000 46080000 46080000 32     32     0      Global Load   32     7680000 0      10560000 16320000 5760000        0      0      0      0      0      0      0      0      14     0      0      152    0      0      0      9      0      0      39     44     0      0      0      0      0      0      3      0      0      91     0      0      0      5      0      0      0      0      0      0      0      0     
0x14c80f279280           FFMA R35, R25, R28, R35                        50     0      50     1440000 46080000 46080000 32     32     0      -      -      -      0       0      0        0        0       -      0      0      0      0      0      0      0      0      2      0      0      0      0      0      0      0      0      0      0      48     0      0      0      0      0      0      0      0      0      0      0      0      0      0      0      0      0      0      0      0      0      0     
0x14c80f279290           LDG.E.CONSTANT R25, [R6.64+0x10]               530    172    530    1440000 46080000 46080000 32     32     0      Global Load   32     6720000 0      5760000  11520000 5760000        0      0      0      0      0      0      0      0      27     0      0      276    0      0      0      9      0      0      90     41     0      0      0      87     0      0      3      0      0      134    0      0      0      8      0      0      0      0      0      0      0      27    
0x14c80f2792a0           LDG.E.CONSTANT R26, [R20.64+0x30]              492    166    492    1440000 46080000 46080000 32     32     0      Global Load   32     1560000 0      0        1600000  1600000        0      0      0      0      0      0      0      0      18     0      0      230    0      0      0      17     0      0      60     53     0      0      0      114    0      0      4      0      0      114    0      0      0      8      0      0      0      0      0      0      0      40    
0x14c80f2792b0           LDG.E.CONSTANT R11, [R8.64+0x14]               431    135    431    1440000 46080000 46080000 32     32     0      Global Load   32     7680000 0      10560000 16320000 5760000        0      0      0      0      0      0      0      0      16     0      0      175    0      0      0      9      0      0      56     30     0      0      0      145    0      0      4      0      0      80     0      0      0      3      0      0      0      0      0      0      0      48    
0x14c80f2792c0           LDG.E.CONSTANT R7, [R20.64+0x34]               637    213    637    1440000 46080000 46080000 32     32     0      Global Load   32     1570000 0      0        1600000  1600000        0      0      0      0      0      0      0      0      21     0      0      102    279    0      0      7      0      0      43     50     0      0      0      135    0      0      4      0      0      44     123    0      0      1      0      0      0      0      0      0      0      41    
0x14c80f2792d0           FFMA R36, R22, R27, R23                        108    16     108    1440000 46080000 46080000 32     32     0      -      -      -      0       0      0        0        0       -      0      0      0      0      0      0      0      0      6      0      0      0      50     3      0      0      0      0      6      43     0      0      0      0      0      0      0      0      0      0      15     1      0      0      0      0      0      0      0      0      0      0     
0x14c80f2792e0           MOV R23, UR9                                   39     0      39     1440000 46080000 46080000 32     32     0      -      -      -      0       0      0        0        0       -      0      0      0      0      0      0      0      0      7      0      0      0      0      0      0      0      0      0      0      32     0      0      0      0      0      0      0      0      0      0      0      0      0      0      0      0      0      0      0      0      0      0     
0x14c80f2792f0           IMAD.WIDE R22, R23, 0x4, R2                    357    72     357    1440000 46080000 46080000 32     32     0      -      -      -      0       0      0        0        0       -      0      0      0      0      0      0      0      0      15     0      0      0      0      62     0      0      0      0      59     42     0      0      0      179    0      0      1      0      0      0      0      9      0      0      0      0      0      0      0      0      0      62    
0x14c80f279300           FFMA R34, R28, R27, R34                        311    39     311    1440000 46080000 46080000 32     32     0      -      -      -      0       0      0        0        0       -      0      0      0      0      0      0      0      0      26     0      0      0      0      71     0      0      0      0      57     45     0      0      0      112    0      0      2      0      0      0      0      6      0      0      0      0      0      0      0      0      0      31    
0x14c80f279310           FFMA R32, R27, R14, R32                        177    18     177    1440000 46080000 46080000 32     32     0      -      -      -      0       0      0        0        0       -      0      0      0      0      0      0      0      0      9      0      0      0      11     13     0      0      0      0      11     44     0      0      0      89     0      0      0      0      0      0      5      3      0      0      0      0      0      0      0      0      0      10    
0x14c80f279320           FFMA R3, R14, R15, R36                         192    40     192    1440000 46080000 46080000 32     32     0      -      -      -      0       0      0        0        0       -      0      0      0      0      0      0      0      0      4      0      0      0      64     17     0      0      0      0      25     42     0      0      0      40     0      0      0      0      0      0      22     6      0      0      0      0      0      0      0      0      0      12    
0x14c80f279330           IADD3 R36, P0, R22, R10, RZ                    49     0      49     1440000 46080000 46080000 32     32     0      -      -      -      0       0      0        0        0       -      0      0      0      0      0      0      0      0      7      0      0      0      0      0      0      0      0      0      0      42     0      0      0      0      0      0      0      0      0      0      0      0      0      0      0      0      0      0      0      0      0      0     
0x14c80f279340           FFMA R8, R27, R30, R35                         78     10     78     1440000 46080000 46080000 32     32     0      -      -      -      0       0      0        0        0       -      0      0      0      0      0      0      0      0      6      0      0      0      24     5      0      0      0      0      8      35     0      0      0      0      0      0      1      0      0      0      9      0      0      0      0      0      0      0      0      0      0      0     
0x14c80f279350           IADD3 R14, P1, R22, R24, RZ                    45     0      45     1440000 46080000 46080000 32     32     0      -      -      -      0       0      0        0        0       -      0      0      0      0      0      0      0      0      9      0      0      0      0      0      0      0      0      0      0      36     0      0      0      0      0      0      0      0      0      0      0      0      0      0      0      0      0      0      0      0      0      0     
0x14c80f279360           IADD3.X R37, R23, R31, RZ, P0, !PT             136    1      136    1440000 46080000 46080000 32     32     0      -      -      -      0       0      0        0        0       -      0      0      0      0      0      0      0      0      27     0      0      0      0      13     0      0      0      0      24     37     0      0      0      35     0      0      0      0      0      0      0      1      0      0      0      0      0      0      0      0      0      0     
0x14c80f279370           FFMA R34, R30, R15, R34                        59     0      59     1440000 46080000 46080000 32     32     0      -      -      -      0       0      0        0        0       -      0      0      0      0      0      0      0      0      21     0      0      0      0      0      0      0      0      0      0      38     0      0      0      0      0      0      0      0      0      0      0      0      0      0      0      0      0      0      0      0      0      0     
0x14c80f279380           FFMA R2, R15, R4, R32                          1970   525    1970   1440000 46080000 46080000 32     32     0      -      -      -      0       0      0        0        0       -      0      0      0      0      0      0      0      0      21     0      0      0      1705   74     0      0      0      0      84     40     0      0      0      46     0      0      2      0      0      0      510    8      0      0      0      0      0      0      0      0      0      5     
0x14c80f279390           FFMA R9, R15, R25, R8                          143    15     143    1440000 46080000 46080000 32     32     0      -      -      -      0       0      0        0        0       -      0      0      0      0      0      0      0      0      13     0      0      0      0      17     0      0      0      0      21     45     0      0      0      47     0      0      1      0      0      0      0      5      0      0      0      0      0      0      0      0      0      9     
0x14c80f2793a0           IADD3.X R15, R23, R33, RZ, P1, !PT             44     0      44     1440000 46080000 46080000 32     32     0      -      -      -      0       0      0        0        0       -      0      0      0      0      0      0      0      0      13     0      0      0      0      0      0      0      0      0      0      31     0      0      0      0      0      0      0      0      0      0      0      0      0      0      0      0      0      0      0      0      0      0     
0x14c80f2793b0           LDG.E.CONSTANT R27, [R36.64]                   179    46     179    1440000 46080000 46080000 32     32     0      Global Load   32     7680000 0      10560000 16320000 5760000        0      0      0      0      0      0      0      0      12     0      0      95     0      0      0      5      0      0      22     45     0      0      0      0      0      0      5      0      0      39     0      0      0      2      0      0      0      0      0      0      0      0     
0x14c80f2793c0           FFMA R4, R4, R26, R3                           54     0      54     1440000 46080000 46080000 32     32     0      -      -      -      0       0      0        0        0       -      0      0      0      0      0      0      0      0      12     0      0      0      0      0      0      0      0      0      0      42     0      0      0      0      0      0      0      0      0      0      0      0      0      0      0      0      0      0      0      0      0      0     
0x14c80f2793d0           FFMA R3, R25, R26, R34                         99     12     99     1440000 46080000 46080000 32     32     0      -      -      -      0       0      0        0        0       -      0      0      0      0      0      0      0      0      6      0      0      0      0      14     0      0      0      0      9      31     0      0      0      39     0      0      1      0      0      0      0      2      0      0      0      0      0      0      0      0      0      9     
0x14c80f2793e0           LDG.E.CONSTANT R28, [R14.64]                   304    81     304    1440000 46080000 46080000 32     32     0      Global Load   32     6240000 0      5760000  11520000 5760000        0      0      0      0      0      0      0      0      31     0      0      174    0      0      0      7      0      0      56     36     0      0      0      0      0      0      2      0      0      74     0      0      0      5      0      0      0      0      0      0      0      0     
0x14c80f2793f0           LDG.E.CONSTANT R8, [R36.64+0x4]                520    165    520    1440000 46080000 46080000 32     32     0      Global Load   32     7680000 0      10560000 16320000 5760000        0      0      0      0      0      0      0      0      24     0      0      238    0      0      0      13     0      0      63     42     0      0      0      140    0      0      2      0      0      117    0      0      0      9      0      0      0      0      0      0      0      37    
0x14c80f279400           LDG.E.CONSTANT R25, [R20.64+0x38]              465    122    465    1440000 46080000 46080000 32     32     0      Global Load   32     1560000 0      0        1600000  1600000        0      0      0      0      0      0      0      0      24     0      0      195    0      0      0      17     0      0      68     36     0      0      0      125    0      0      4      0      0      78     0      0      0      10     0      0      0      0      0      0      0      30    
0x14c80f279410           LDG.E.CONSTANT R6, [R14.64+0x4]                460    152    460    1440000 46080000 46080000 32     32     0      Global Load   32     6240000 0      5760000  11520000 5760000        0      0      0      0      0      0      0      0      14     0      0      206    0      0      0      12     0      0      66     41     0      0      0      121    0      0      0      0      0      105    0      0      0      6      0      0      0      0      0      0      0      41    
0x14c80f279420           FFMA R2, R26, R11, R2                          36     0      36     1440000 46080000 46080000 32     32     0      -      -      -      0       0      0        0        0       -      0      0      0      0      0      0      0      0      3      0      0      0      0      0      0      0      0      0      0      33     0      0      0      0      0      0      0      0      0      0      0      0      0      0      0      0      0      0      0      0      0      0     
0x14c80f279430           FFMA R29, R26, R29, R9                         209    15     209    1440000 46080000 46080000 32     32     0      -      -      -      0       0      0        0        0       -      0      0      0      0      0      0      0      0      16     0      0      0      0      55     0      0      0      0      63     36     0      0      0      39     0      0      3      0      0      0      0      4      0      0      0      0      0      0      0      0      0      8     
0x14c80f279440           LDG.E.CONSTANT R11, [R20.64+0x3c]              322    131    322    1440000 46080000 46080000 32     32     0      Global Load   32     1570000 0      0        1600000  1600000        0      0      0      0      0      0      0      0      7      0      0      209    0      0      0      11     0      0      58     37     0      0      0      0      0      0      1      0      0      121    0      0      0      9      0      0      0      0      0      0      0      0     
0x14c80f279450           LDG.E.CONSTANT R26, [R36.64+0x8]               472    151    472    1440000 46080000 46080000 32     32     0      Global Load   32     7680000 0      10560000 16320000 5760000        0      0      0      0      0      0      0      0      17     0      0      201    0      0      0      11     0      0      77     36     0      0      0      130    0      0      4      0      0      96     0      0      0      7      0      0      0      0      0      0      0      44    
0x14c80f279460           LDG.E.CONSTANT R30, [R14.64+0xc]               448    139    448    1440000 46080000 46080000 32     32     0      Global Load   32     7680000 0      10560000 16320000 5760000        0      0      0      0      0      0      0      0      22     0      0      169    0      0      0      9      0      0      66     44     0      0      0      138    0      0      5      0      0      87     0      0      0      6      0      0      0      0      0      0      0      41    
0x14c80f279470           LDG.E.CONSTANT R9, [R36.64+0x10]               410    144    410    1440000 46080000 46080000 32     32     0      Global Load   32     6720000 0      5760000  11520000 5760000        0      0      0      0      0      0      0      0      15     0      0      178    0      0      0      6      0      0      42     38     0      0      0      131    0      0      2      0      0      100    0      0      0      2      0      0      0      0      0      0      0      40    
0x14c80f279480           MOV R32, UR9                                   39     0      39     1440000 46080000 46080000 32     32     0      -      -      -      0       0      0        0        0       -      0      0      0      0      0      0      0      0      2      0      0      0      0      0      0      0      0      0      0      37     0      0      0      0      0      0      0      0      0      0      0      0      0      0      0      0      0      0      0      0      0      0     
0x14c80f279490           LDG.E.CONSTANT R35, [R14.64+0x14]              402    116    402    1440000 46080000 46080000 32     32     0      Global Load   32     7680000 0      10560000 16320000 5760000        0      0      0      0      0      0      0      0      18     0      0      189    0      0      0      8      0      0      74     33     0      0      0      80     0      0      0      0      0      83     0      0      0      5      0      0      0      0      0      0      0      28    
0x14c80f2794a0           FFMA R27, R27, R7, R4                          118    41     118    1440000 46080000 46080000 32     32     0      -      -      -      0       0      0        0        0       -      0      0      0      0      0      0      0      0      3      0      0      0      73     8      0      0      0      0      3      31     0      0      0      0      0      0      0      0      0      0      38     3      0      0      0      0      0      0      0      0      0      0     
0x14c80f2794b0           FFMA R4, R7, R28, R3                           2137   576    2137   1440000 46080000 46080000 32     32     0      -      -      -      0       0      0        0        0       -      0      0      0      0      0      0      0      0      12     0      0      0      1986   26     0      0      0      0      27     34     0      0      0      52     0      0      4      0      0      0      556    1      0      0      0      0      0      0      0      0      0      15    
0x14c80f2794c0           LDG.E.CONSTANT R28, [R20.64+0x40]              371    134    371    1440000 46080000 46080000 32     32     0      Global Load   32     1560000 0      0        1600000  1600000        0      0      0      0      0      0      0      0      17     0      0      194    0      0      0      11     0      0      61     38     0      0      0      50     0      0      4      0      0      103    0      0      0      10     0      0      0      0      0      0      0      17    
0x14c80f2794d0           FFMA R2, R7, R8, R2                            95     25     95     1440000 46080000 46080000 32     32     0      -      -      -      0       0      0        0        0       -      0      0      0      0      0      0      0      0      10     0      0      0      40     4      0      0      0      0      5      36     0      0      0      0      0      0      0      0      0      0      25     0      0      0      0      0      0      0      0      0      0      0     
0x14c80f2794e0           FFMA R3, R8, R25, R27                          2744   826    2744   1440000 46080000 46080000 32     32     0      -      -      -      0       0      0        0        0       -      0      0      0      0      0      0      0      0      16     0      0      0      2558   51     0      0      0      0      47     36     0      0      0      36     0      0      1      0      0      0      813    3      0      0      0      0      0      0      0      0      0      9     
0x14c80f2794f0           LDG.E.CONSTANT R27, [R14.64+0x8]               263    79     263    1440000 46080000 46080000 32     32     0      Global Load   32     7680000 0      10560000 16320000 5760000        0      0      0      0      0      0      0      0      21     0      0      141    0      0      0      5      0      0      29     30     0      0      0      37     0      0      1      0      0      72     0      0      0      0      0      0      0      0      0      0      0      6     
0x14c80f279500           FFMA R8, R7, R6, R29                           62     0      62     1440000 46080000 46080000 32     32     0      -      -      -      0       0      0        0        0       -      0      0      0      0      0      0      0      0      11     0      0      0      0      0      0      0      0      0      0      51     0      0      0      0      0      0      0      0      0      0      0      0      0      0      0      0      0      0      0      0      0      0     
0x14c80f279510           LDG.E.CONSTANT R29, [R36.64+0xc]               360    113    360    1440000 46080000 46080000 32     32     0      Global Load   32     7680000 0      10560000 16320000 5760000        0      0      0      0      0      0      0      0      17     0      0      153    0      0      0      14     0      0      60     36     0      0      0      80     0      0      3      0      0      70     0      0      0      10     0      0      0      0      0      0      0      30    
0x14c80f279520           FFMA R6, R6, R25, R4                           42     0      42     1440000 46080000 46080000 32     32     0      -      -      -      0       0      0        0        0       -      0      0      0      0      0      0      0      0      4      0      0      0      0      0      0      0      0      0      0      38     0      0      0      0      0      0      0      0      0      0      0      0      0      0      0      0      0      0      0      0      0      0     
0x14c80f279530           LDG.E.CONSTANT R4, [R20.64+0x44]               394    121    394    1440000 46080000 46080000 32     32     0      Global Load   32     1570000 0      0        1600000  1600000        0      0      0      0      0      0      0      0      17     0      0      185    0      0      0      13     0      0      56     31     0      0      0      92     0      0      1      0      0      79     0      0      0      6      0      0      0      0      0      0      0      35    
0x14c80f279540           FFMA R2, R25, R26, R2                          34     0      34     1440000 46080000 46080000 32     32     0      -      -      -      0       0      0        0        0       -      0      0      0      0      0      0      0      0      1      0      0      0      0      0      0      0      0      0      0      33     0      0      0      0      0      0      0      0      0      0      0      0      0      0      0      0      0      0      0      0      0      0     
0x14c80f279550           FFMA R26, R26, R11, R3                         116    13     116    1440000 46080000 46080000 32     32     0      -      -      -      0       0      0        0        0       -      0      0      0      0      0      0      0      0      11     0      0      0      0      5      0      0      0      0      11     39     0      0      0      50     0      0      0      0      0      0      0      1      0      0      0      0      0      0      0      0      0      12    
0x14c80f279560           LDG.E.CONSTANT R7, [R36.64+0x14]               295    111    295    1440000 46080000 46080000 32     32     0      Global Load   32     6720000 0      5760000  11520000 5760000        0      0      0      0      0      0      0      0      18     0      0      178    0      0      0      13     0      0      54     32     0      0      0      0      0      0      2      0      0      102    0      0      0      7      0      0      0      0      0      0      0      0     
0x14c80f279570           LDG.E.CONSTANT R3, [R14.64+0x10]               494    170    494    1440000 46080000 46080000 32     32     0      Global Load   32     7680000 0      10560000 16320000 5760000        0      0      0      0      0      0      0      0      28     0      0      226    0      0      0      7      0      0      77     29     0      0      0      127    0      0      3      0      0      119    0      0      0      3      0      0      0      0      0      0      0      45    
0x14c80f279580           IMAD.WIDE R22, R32, 0x4, R22                   37     0      37     1440000 46080000 46080000 32     32     0      -      -      -      0       0      0        0        0       -      0      0      0      0      0      0      0      0      3      0      0      0      0      0      0      0      0      0      0      34     0      0      0      0      0      0      0      0      0      0      0      0      0      0      0      0      0      0      0      0      0      0     
0x14c80f279590           IADD3 R32, P1, R22, R24, RZ                    430    102    430    1440000 46080000 46080000 32     32     0      -      -      -      0       0      0        0        0       -      0      0      0      0      0      0      0      0      91     0      0      0      0      68     0      0      0      0      76     35     0      0      0      160    0      0      35     0      0      0      0      5      0      0      0      0      0      0      0      0      0      62    
0x14c80f2795a0           IADD3 R22, P0, R22, R10, RZ                    115    13     115    1440000 46080000 46080000 32     32     0      -      -      -      0       0      0        0        0       -      0      0      0      0      0      0      0      0      16     0      0      0      0      7      0      0      0      0      15     31     0      0      0      46     0      0      1      0      0      0      0      0      0      0      0      0      0      0      0      0      0      12    
0x14c80f2795b0           IADD3.X R33, R23, R33, RZ, P1, !PT             117    10     117    1440000 46080000 46080000 32     32     0      -      -      -      0       0      0        0        0       -      0      0      0      0      0      0      0      0      12     0      0      0      0      9      0      0      0      0      17     40     0      0      0      39     0      0      0      0      0      0      0      0      0      0      0      0      0      0      0      0      0      10    
0x14c80f2795c0           LDG.E.CONSTANT R15, [R20.64+0x48]              726    241    726    1440000 46080000 46080000 32     32     0      Global Load   32     1560000 0      0        1600000  1600000        0      0      0      0      0      0      0      0      16     0      0      114    497    0      0      5      0      0      49     45     0      0      0      0      0      0      2      0      0      44     194    0      0      1      0      0      0      0      0      0      0      0     
0x14c80f2795d0           IADD3.X R23, R23, R31, RZ, P0, !PT             46     0      46     1440000 46080000 46080000 32     32     0      -      -      -      0       0      0        0        0       -      0      0      0      0      0      0      0      0      9      0      0      0      0      0      0      0      0      0      0      37     0      0      0      0      0      0      0      0      0      0      0      0      0      0      0      0      0      0      0      0      0      0     
0x14c80f2795e0           LDG.E.CONSTANT R36, [R32.64]                   392    145    392    1440000 46080000 46080000 32     32     0      Global Load   32     7680000 0      10560000 16320000 5760000        0      0      0      0      0      0      0      0      18     0      0      195    0      0      0      8      0      0      60     31     0      0      0      80     0      0      1      0      0      104    0      0      0      6      0      0      0      0      0      0      0      34    
0x14c80f2795f0           LDG.E.CONSTANT R34, [R32.64+0x4]               415    137    415    1440000 46080000 46080000 32     32     0      Global Load   32     7680000 0      10560000 16320000 5760000        0      0      0      0      0      0      0      0      15     0      0      157    0      0      0      7      0      0      57     44     0      0      0      135    0      0      1      0      0      77     0      0      0      5      0      0      0      0      0      0      0      54    
0x14c80f279600           LDG.E.CONSTANT R31, [R32.64+0x8]               409    148    409    1440000 46080000 46080000 32     32     0      Global Load   32     7680000 0      10560000 16320000 5760000        0      0      0      0      0      0      0      0      13     0      0      177    0      0      0      12     0      0      37     41     0      0      0      129    0      0      1      0      0      92     0      0      0      9      0      0      0      0      0      0      0      46    
0x14c80f279610           LDG.E.CONSTANT R24, [R32.64+0xc]               417    165    417    1440000 46080000 46080000 32     32     0      Global Load   32     7680000 0      10560000 16320000 5760000        0      0      0      0      0      0      0      0      9      0      0      193    0      0      0      13     0      0      46     38     0      0      0      118    0      0      1      0      0      111    0      0      0      9      0      0      0      0      0      0      0      44    
0x14c80f279620           LDG.E.CONSTANT R10, [R32.64+0x10]              389    144    389    1440000 46080000 46080000 32     32     0      Global Load   32     6240000 0      5760000  11520000 5760000        0      0      0      0      0      0      0      0      13     0      0      172    0      0      0      7      0      0      43     38     0      0      0      116    0      0      2      0      0      94     0      0      0      3      0      0      0      0      0      0      0      45    
0x14c80f279630           LDG.E.CONSTANT R14, [R32.64+0x14]              386    152    386    1440000 46080000 46080000 32     32     0      Global Load   32     6240000 0      5760000  11520000 5760000        0      0      0      0      0      0      0      0      18     0      0      145    0      0      0      13     0      0      45     38     0      0      0      127    0      0      6      0      0      85     0      0      0      10     0      0      0      0      0      0      0      51    
0x14c80f279640           LDG.E.CONSTANT R33, [R22.64+0xc]               1330   484    1330   1440000 46080000 46080000 32     32     0      Global Load   32     7680000 0      10560000 16320000 5760000        0      0      0      0      0      0      0      0      11     0      0      66     1039   0      0      5      0      0      39     37     0      0      0      133    0      0      0      0      0      29     395    0      0      1      0      0      0      0      0      0      0      59    
0x14c80f279650           LDG.E.CONSTANT R32, [R22.64+0x14]              345    117    345    1440000 46080000 46080000 32     32     0      Global Load   32     7680000 0      10560000 16320000 5760000        0      0      0      0      0      0      0      0      12     0      0      126    0      0      0      10     0      0      23     37     0      0      0      137    0      0      0      0      0      67     0      0      0      6      0      0      0      0      0      0      0      44    
0x14c80f279660           FFMA R8, R25, R27, R8                          26     0      26     1440000 46080000 46080000 32     32     0      -      -      -      0       0      0        0        0       -      0      0      0      0      0      0      0      0      6      0      0      0      0      0      0      0      0      0      0      20     0      0      0      0      0      0      0      0      0      0      0      0      0      0      0      0      0      0      0      0      0      0     
0x14c80f279670           FFMA R27, R27, R11, R6                         148    16     148    1440000 46080000 46080000 32     32     0      -      -      -      0       0      0        0        0       -      0      0      0      0      0      0      0      0      13     0      0      0      0      31     0      0      0      0      38     36     0      0      0      30     0      0      0      0      0      0      0      7      0      0      0      0      0      0      0      0      0      9     
0x14c80f279680           FFMA R2, R11, R29, R2                          97     19     97     1440000 46080000 46080000 32     32     0      -      -      -      0       0      0        0        0       -      0      0      0      0      0      0      0      0      8      0      0      0      1      11     0      0      0      0      6      33     0      0      0      38     0      0      1      0      0      0      0      1      0      0      0      0      0      0      0      0      0      17    
0x14c80f279690           LDG.E.CONSTANT R6, [R20.64+0x4c]               199    74     199    1440000 46080000 46080000 32     32     0      Global Load   32     1570000 0      0        1600000  1600000        0      0      0      0      0      0      0      0      20     0      0      118    0      0      0      11     0      0      20     30     0      0      0      0      0      0      3      0      0      68     0      0      0      3      0      0      0      0      0      0      0      0     
0x14c80f2796a0           FFMA R25, R11, R30, R8                         40     0      40     1440000 46080000 46080000 32     32     0      -      -      -      0       0      0        0        0       -      0      0      0      0      0      0      0      0      5      0      0      0      0      0      0      0      0      0      0      35     0      0      0      0      0      0      0      0      0      0      0      0      0      0      0      0      0      0      0      0      0      0     
0x14c80f2796b0           FFMA R27, R30, R28, R27                        106    20     106    1440000 46080000 46080000 32     32     0      -      -      -      0       0      0        0        0       -      0      0      0      0      0      0      0      0      8      0      0      0      2      7      0      0      0      0      8      28     0      0      0      53     0      0      2      0      0      0      1      1      0      0      0      0      0      0      0      0      0      16    
0x14c80f2796c0           LDG.E.CONSTANT R8, [R22.64]                    290    98     290    1440000 46080000 46080000 32     32     0      Global Load   32     6240000 0      5760000  11520000 5760000        0      0      0      0      0      0      0      0      19     0      0      179    0      0      0      10     0      0      38     44     0      0      0      0      0      0      2      0      0      91     0      0      0      5      0      0      0      0      0      0      0      0     
0x14c80f2796d0           LDG.E.CONSTANT R11, [R22.64+0x4]               426    147    426    1440000 46080000 46080000 32     32     0      Global Load   32     6240000 0      5760000  11520000 5760000        0      0      0      0      0      0      0      0      14     0      0      189    0      0      0      13     0      0      56     31     0      0      0      123    0      0      4      0      0      103    0      0      0      6      0      0      0      0      0      0      0      34    
0x14c80f2796e0           FFMA R26, R29, R28, R26                        35     0      35     1440000 46080000 46080000 32     32     0      -      -      -      0       0      0        0        0       -      0      0      0      0      0      0      0      0      5      0      0      0      0      0      0      0      0      0      0      30     0      0      0      0      0      0      0      0      0      0      0      0      0      0      0      0      0      0      0      0      0      0     
0x14c80f2796f0           FFMA R2, R28, R9, R2                           167    22     167    1440000 46080000 46080000 32     32     0      -      -      -      0       0      0        0        0       -      0      0      0      0      0      0      0      0      10     0      0      0      0      38     0      0      0      0      42     41     0      0      0      36     0      0      1      0      0      0      0      6      0      0      0      0      0      0      0      0      0      15    
0x14c80f279700           LDG.E.CONSTANT R30, [R22.64+0x10]              254    84     254    1440000 46080000 46080000 32     32     0      Global Load   32     7680000 0      10560000 16320000 5760000        0      0      0      0      0      0      0      0      10     0      0      153    0      0      0      7      0      0      46     38     0      0      0      0      0      0      2      0      0      80     0      0      0      2      0      0      0      0      0      0      0      0     
0x14c80f279710           FFMA R37, R3, R4, R27                          3256   1092   3256   1440000 46080000 46080000 32     32     0      -      -      -      0       0      0        0        0       -      0      0      0      0      0      0      0      0      6      0      0      0      3095   68     0      0      0      0      54     33     0      0      0      0      0      0      0      0      0      0      1081   11     0      0      0      0      0      0      0      0      0      0     
0x14c80f279720           FFMA R28, R28, R3, R25                         120    17     120    1440000 46080000 46080000 32     32     0      -      -      -      0       0      0        0        0       -      0      0      0      0      0      0      0      0      8      0      0      0      0      16     0      0      0      0      14     37     0      0      0      45     0      0      1      0      0      0      0      5      0      0      0      0      0      0      0      0      0      11    
0x14c80f279730           LDG.E.CONSTANT R27, [R22.64+0x8]               198    68     198    1440000 46080000 46080000 32     32     0      Global Load   32     7680000 0      10560000 16320000 5760000        0      0      0      0      0      0      0      0      15     0      0      120    0      0      0      6      0      0      21     36     0      0      0      0      0      0      2      0      0      64     0      0      0      2      0      0      0      0      0      0      0      0     
0x14c80f279740           LDG.E.CONSTANT R25, [R20.64+0x50]              412    164    412    1440000 46080000 46080000 32     32     0      Global Load   32     1560000 0      0        1600000  1600000        0      0      0      0      0      0      0      0      16     0      0      176    0      0      0      12     0      0      41     43     0      0      0      124    0      0      1      0      0      98     0      0      0      7      0      0      0      0      0      0      0      58    
0x14c80f279750           LDG.E.CONSTANT R3, [R20.64+0x54]               368    129    368    1440000 46080000 46080000 32     32     0      Global Load   32     1570000 0      0        1600000  1600000        0      0      0      0      0      0      0      0      15     0      0      148    0      0      0      11     0      0      38     39     0      0      0      117    0      0      1      0      0      79     0      0      0      5      0      0      0      0      0      0      0      44    
0x14c80f279760           LDG.E.CONSTANT R29, [R20.64+0x58]              352    129    352    1440000 46080000 46080000 32     32     0      Global Load   32     1560000 0      0        1600000  1600000        0      0      0      0      0      0      0      0      18     0      0      133    0      0      0      12     0      0      42     37     0      0      0      110    0      0      1      0      0      75     0      0      0      6      0      0      0      0      0      0      0      47    
0x14c80f279770           UIADD3 UR4, UR4, 0x1, URZ                      42     0      42     1440000 46080000 46080000 32     32     0      -      -      -      0       0      0        0        0       -      0      0      0      0      0      0      0      0      5      0      0      0      0      0      0      0      0      0      0      37     0      0      0      0      0      0      0      0      0      0      0      0      0      0      0      0      0      0      0      0      0      0     
0x14c80f279780           FFMA R26, R9, R4, R26                          41     0      41     1440000 46080000 46080000 32     32     0      -      -      -      0       0      0        0        0       -      0      0      0      0      0      0      0      0      9      0      0      0      0      0      0      0      0      0      0      32     0      0      0      0      0      0      0      0      0      0      0      0      0      0      0      0      0      0      0      0      0      0     
0x14c80f279790           ULDC UR8, c[0x0][0x180]                        46     0      46     1440000 46080000 46080000 32     32     0      -      -      -      0       0      0        0        0       -      0      0      0      0      0      0      0      0      8      0      0      0      0      0      0      0      0      0      0      38     0      0      0      0      0      0      0      0      0      0      0      0      0      0      0      0      0      0      0      0      0      0     
0x14c80f2797a0           FFMA R2, R4, R7, R2                            42     0      42     1440000 46080000 46080000 32     32     0      -      -      -      0       0      0        0        0       -      0      0      0      0      0      0      0      0      4      0      0      0      0      0      0      0      0      0      0      38     0      0      0      0      0      0      0      0      0      0      0      0      0      0      0      0      0      0      0      0      0      0     
0x14c80f2797b0           UISETP.GE.AND UP0, UPT, UR4, UR8, UPT          33     0      33     1440000 46080000 46080000 32     32     0      -      -      -      0       0      0        0        0       -      0      0      0      0      0      0      0      0      0      0      0      0      0      0      0      0      0      0      0      33     0      0      0      0      0      0      0      0      0      0      0      0      0      0      0      0      0      0      0      0      0      0     
0x14c80f2797c0           FFMA R28, R4, R35, R28                         33     0      33     1440000 46080000 46080000 32     32     0      -      -      -      0       0      0        0        0       -      0      0      0      0      0      0      0      0      0      0      0      0      0      0      0      0      0      0      0      33     0      0      0      0      0      0      0      0      0      0      0      0      0      0      0      0      0      0      0      0      0      0     
0x14c80f2797d0           FFMA R37, R15, R36, R37                        269    24     269    1440000 46080000 46080000 32     32     0      -      -      -      0       0      0        0        0       -      0      0      0      0      0      0      0      0      7      0      0      0      0      83     0      0      0      0      103    40     0      0      0      36     0      0      0      0      0      0      0      20     0      0      0      0      0      0      0      0      0      4     
0x14c80f2797e0           PLOP3.LUT P0, PT, PT, PT, UP0, 0x80, 0x0       211    29     211    1440000 46080000 46080000 32     32     0      -      -      -      0       0      0        0        0       -      0      0      0      0      0      0      0      0      24     0      0      0      0      42     0      0      0      0      51     28     0      0      0      66     0      0      1      0      0      0      0      5      0      0      0      0      0      0      0      0      0      23    
0x14c80f2797f0           FFMA R8, R8, R15, R26                          41     2      41     1440000 46080000 46080000 32     32     0      -      -      -      0       0      0        0        0       -      0      0      0      0      0      0      0      0      2      0      0      0      2      3      0      0      0      0      1      33     0      0      0      0      0      0      0      0      0      0      1      1      0      0      0      0      0      0      0      0      0      0     
0x14c80f279800           FFMA R2, R15, R11, R2                          132    16     132    1440000 46080000 46080000 32     32     0      -      -      -      0       0      0        0        0       -      0      0      0      0      0      0      0      0      0      0      0      0      7      17     0      0      0      0      22     35     0      0      0      51     0      0      0      0      0      0      2      2      0      0      0      0      0      0      0      0      0      12    
0x14c80f279810           FFMA R15, R15, R34, R28                        92     16     92     1440000 46080000 46080000 32     32     0      -      -      -      0       0      0        0        0       -      0      0      0      0      0      0      0      0      0      0      0      0      0      10     0      0      0      0      10     40     0      0      0      32     0      0      0      0      0      0      0      4      0      0      0      0      0      0      0      0      0      12    
0x14c80f279820           FFMA R34, R34, R6, R37                         160    32     160    1440000 46080000 46080000 32     32     0      -      -      -      0       0      0        0        0       -      0      0      0      0      0      0      0      0      3      0      0      0      36     28     0      0      0      0      18     36     0      0      0      39     0      0      1      0      0      0      11     7      0      0      0      0      0      0      0      0      0      13    
0x14c80f279830           FFMA R15, R6, R31, R15                         98     13     98     1440000 46080000 46080000 32     32     0      -      -      -      0       0      0        0        0       -      0      0      0      0      0      0      0      0      2      0      0      0      0      14     0      0      0      0      6      31     0      0      0      45     0      0      0      0      0      0      0      6      0      0      0      0      0      0      0      0      0      7     
0x14c80f279840           FFMA R8, R11, R6, R8                           112    21     112    1440000 46080000 46080000 32     32     0      -      -      -      0       0      0        0        0       -      0      0      0      0      0      0      0      0      3      0      0      0      0      13     0      0      0      0      14     31     0      0      0      51     0      0      0      0      0      0      0      5      0      0      0      0      0      0      0      0      0      16    
0x14c80f279850           FFMA R2, R6, R27, R2                           1701   500    1701   1440000 46080000 46080000 32     32     0      -      -      -      0       0      0        0        0       -      0      0      0      0      0      0      0      0      10     0      0      0      1481   71     0      0      0      0      69     28     0      0      0      42     0      0      0      0      0      0      480    7      0      0      0      0      0      0      0      0      0      13    
0x14c80f279860           FFMA R15, R25, R24, R15                        108    19     108    1440000 46080000 46080000 32     32     0      -      -      -      0       0      0        0        0       -      0      0      0      0      0      0      0      0      3      0      0      0      0      7      0      0      0      0      9      34     0      0      0      55     0      0      0      0      0      0      0      1      0      0      0      0      0      0      0      0      0      18    
0x14c80f279870           FFMA R34, R31, R25, R34                        111    14     111    1440000 46080000 46080000 32     32     0      -      -      -      0       0      0        0        0       -      0      0      0      0      0      0      0      0      2      0      0      0      0      13     0      0      0      0      12     34     0      0      0      50     0      0      0      0      0      0      0      0      0      0      0      0      0      0      0      0      0      14    
0x14c80f279880           FFMA R8, R27, R25, R8                          100    14     100    1440000 46080000 46080000 32     32     0      -      -      -      0       0      0        0        0       -      0      0      0      0      0      0      0      0      2      0      0      0      0      7      0      0      0      0      12     35     0      0      0      44     0      0      0      0      0      0      0      3      0      0      0      0      0      0      0      0      0      11    
0x14c80f279890           FFMA R2, R25, R33, R2                          106    17     106    1440000 46080000 46080000 32     32     0      -      -      -      0       0      0        0        0       -      0      0      0      0      0      0      0      0      2      0      0      0      0      6      0      0      0      0      13     31     0      0      0      54     0      0      1      0      0      0      0      2      0      0      0      0      0      0      0      0      0      14    
0x14c80f2798a0           FFMA R15, R3, R10, R15                         97     17     97     1440000 46080000 46080000 32     32     0      -      -      -      0       0      0        0        0       -      0      0      0      0      0      0      0      0      3      0      0      0      0      7      0      0      0      0      14     36     0      0      0      37     0      0      0      0      0      0      0      2      0      0      0      0      0      0      0      0      0      15    
0x14c80f2798b0           FFMA R34, R24, R3, R34                         183    25     183    1440000 46080000 46080000 32     32     0      -      -      -      0       0      0        0        0       -      0      0      0      0      0      0      0      0      10     0      0      0      0      55     0      0      0      0      47     30     0      0      0      41     0      0      0      0      0      0      0      10     0      0      0      0      0      0      0      0      0      15    
0x14c80f2798c0           FFMA R8, R33, R3, R8                           119    24     119    1440000 46080000 46080000 32     32     0      -      -      -      0       0      0        0        0       -      0      0      0      0      0      0      0      0      6      0      0      0      0      12     0      0      0      0      13     36     0      0      0      52     0      0      2      0      0      0      0      1      0      0      0      0      0      0      0      0      0      21    
0x14c80f2798d0           FFMA R2, R3, R30, R2                           94     16     94     1440000 46080000 46080000 32     32     0      -      -      -      0       0      0        0        0       -      0      0      0      0      0      0      0      0      5      0      0      0      0      4      0      0      0      0      10     33     0      0      0      42     0      0      1      0      0      0      0      2      0      0      0      0      0      0      0      0      0      13    
0x14c80f2798e0           FFMA R27, R29, R14, R15                        84     10     84     1440000 46080000 46080000 32     32     0      -      -      -      0       0      0        0        0       -      0      0      0      0      0      0      0      0      2      0      0      0      0      7      0      0      0      0      10     32     0      0      0      33     0      0      1      0      0      0      0      2      0      0      0      0      0      0      0      0      0      7     
0x14c80f2798f0           FFMA R4, R10, R29, R34                         97     20     97     1440000 46080000 46080000 32     32     0      -      -      -      0       0      0        0        0       -      0      0      0      0      0      0      0      0      2      0      0      0      0      8      0      0      0      0      6      39     0      0      0      42     0      0      0      0      0      0      0      4      0      0      0      0      0      0      0      0      0      16    
0x14c80f279900           FFMA R14, R30, R29, R8                         104    20     104    1440000 46080000 46080000 32     32     0      -      -      -      0       0      0        0        0       -      0      0      0      0      0      0      0      0      3      0      0      0      0      10     0      0      0      0      7      38     0      0      0      46     0      0      0      0      0      0      0      3      0      0      0      0      0      0      0      0      0      17    
0x14c80f279910           FFMA R29, R29, R32, R2                         221    26     221    1440000 46080000 46080000 32     32     0      -      -      -      0       0      0        0        0       -      0      0      0      0      0      0      0      0      7      0      0      0      0      70     0      0      0      0      62     43     0      0      0      39     0      0      0      0      0      0      0      13     0      0      0      0      0      0      0      0      0      13    
0x14c80f279920     @!P0  BRA 0x14c80f278a50                             33     0      33     1440000 46080000 0        32     0      0      -      -      -      0       0      0        0        0       -      0      0      0      0      0      0      0      0      8      0      0      0      0      0      0      0      0      0      0      25     0      0      0      0      0      0      0      0      0      0      0      0      0      0      0      0      0      0      0      0      0      0     
0x14c80f279930           FMNMX R2, R27, R4, !PT                         232    30     232    1440000 46080000 46080000 32     32     0      -      -      -      0       0      0        0        0       -      0      0      0      0      0      0      0      0      3      0      0      0      0      16     0      0      0      0      21     34     0      0      0      158    0      0      0      0      0      0      0      0      0      0      0      0      0      0      0      0      0      30    
0x14c80f279940           FMNMX R29, R29, R14, !PT                       126    4      126    1440000 46080000 46080000 32     32     0      -      -      -      0       0      0        0        0       -      0      0      0      0      0      0      0      0      6      0      0      0      0      10     0      0      0      0      25     36     0      0      0      49     0      0      0      0      0      0      0      1      0      0      0      0      0      0      0      0      0      3     
0x14c80f279950           MOV R3, UR14                                   120    10     120    1440000 46080000 46080000 32     32     0      -      -      -      0       0      0        0        0       -      0      0      0      0      0      0      0      0      19     0      0      0      0      7      0      0      0      0      14     38     0      0      0      42     0      0      1      0      0      0      0      0      0      0      0      0      0      0      0      0      0      9     
0x14c80f279960           FMNMX R29, R2, R29, !PT                        113    7      113    1440000 46080000 46080000 32     32     0      -      -      -      0       0      0        0        0       -      0      0      0      0      0      0      0      0      19     0      0      0      0      11     0      0      0      0      18     32     0      0      0      33     0      0      1      0      0      0      0      1      0      0      0      0      0      0      0      0      0      5     
0x14c80f279970           IMAD.WIDE R2, R0, R3, c[0x0][0x178]            282    23     282    1440000 46080000 46080000 32     32     0      -      -      -      0       0      0        0        0       -      0      0      0      0      0      0      0      0      8      0      0      0      0      66     0      0      0      0      74     30     0      0      0      104    0      0      1      0      0      0      0      9      0      0      0      0      0      0      0      0      0      13    
0x14c80f279980           FMNMX R29, RZ, R29, !PT                        38     0      38     1440000 46080000 46080000 32     32     0      -      -      -      0       0      0        0        0       -      0      0      0      0      0      0      0      0      7      0      0      0      0      0      0      0      0      0      0      31     0      0      0      0      0      0      0      0      0      0      0      0      0      0      0      0      0      0      0      0      0      0     
0x14c80f279990           STG.E [R2.64], R29                             496    109    496    1440000 46080000 46080000 32     32     0      Global Store  32     1440000 0      0        5760000  5760000        0      0      0      0      0      0      0      0      18     0      0      138    0      0      0      8      0      0      71     29     0      0      0      232    0      0      3      0      0      64     0      0      0      6      0      0      0      0      0      0      0      36    
0x14c80f2799a0           EXIT                                           50     0      50     1440000 46080000 46080000 32     32     0      -      -      -      0       0      0        0        0       -      0      0      0      0      0      0      0      0      10     0      0      0      0      0      0      0      0      0      0      40     0      0      0      0      0      0      0      0      0      0      0      0      0      0      0      0      0      0      0      0      0      0     
0x14c80f2799b0           BRA 0x14c80f2799b0                             2878   817    2878   0       0        0        0      0      0      -      -      -      0       0      0        0        0       -      0      0      0      0      0      0      0      276    0      2398   0      0      0      0      0      0      0      0      0      31     0      0      0      173    0      69     0      702    0      0      0      0      0      0      0      0      0      0      0      0      0      46    
0x14c80f2799c0           NOP                                            0      0      0      0       0        0        0      0      0      -      -      -      0       0      0        0        0       -      0      0      0      0      0      0      0      0      0      0      0      0      0      0      0      0      0      0      0      0      0      0      0      0      0      0      0      0      0      0      0      0      0      0      0      0      0      0      0      0      0      0     
0x14c80f2799d0           NOP                                            0      0      0      0       0        0        0      0      0      -      -      -      0       0      0        0        0       -      0      0      0      0      0      0      0      0      0      0      0      0      0      0      0      0      0      0      0      0      0      0      0      0      0      0      0      0      0      0      0      0      0      0      0      0      0      0      0      0      0      0     
0x14c80f2799e0           NOP                                            0      0      0      0       0        0        0      0      0      -      -      -      0       0      0        0        0       -      0      0      0      0      0      0      0      0      0      0      0      0      0      0      0      0      0      0      0      0      0      0      0      0      0      0      0      0      0      0      0      0      0      0      0      0      0      0      0      0      0      0     
0x14c80f2799f0           NOP                                            0      0      0      0       0        0        0      0      0      -      -      -      0       0      0        0        0       -      0      0      0      0      0      0      0      0      0      0      0      0      0      0      0      0      0      0      0      0      0      0      0      0      0      0      0      0      0      0      0      0      0      0      0      0      0      0      0      0      0      0     
0x14c80f279a00           NOP                                            0      0      0      0       0        0        0      0      0      -      -      -      0       0      0        0        0       -      0      0      0      0      0      0      0      0      0      0      0      0      0      0      0      0      0      0      0      0      0      0      0      0      0      0      0      0      0      0      0      0      0      0      0      0      0      0      0      0      0      0     
0x14c80f279a10           NOP                                            0      0      0      0       0        0        0      0      0      -      -      -      0       0      0        0        0       -      0      0      0      0      0      0      0      0      0      0      0      0      0      0      0      0      0      0      0      0      0      0      0      0      0      0      0      0      0      0      0      0      0      0      0      0      0      0      0      0      0      0     
0x14c80f279a20           NOP                                            0      0      0      0       0        0        0      0      0      -      -      -      0       0      0        0        0       -      0      0      0      0      0      0      0      0      0      0      0      0      0      0      0      0      0      0      0      0      0      0      0      0      0      0      0      0      0      0      0      0      0      0      0      0      0      0      0      0      0      0     
0x14c80f279a30           NOP                                            0      0      0      0       0        0        0      0      0      -      -      -      0       0      0        0        0       -      0      0      0      0      0      0      0      0      0      0      0      0      0      0      0      0      0      0      0      0      0      0      0      0      0      0      0      0      0      0      0      0      0      0      0      0      0      0      0      0      0      0     
0x14c80f279a40           NOP                                            0      0      0      0       0        0        0      0      0      -      -      -      0       0      0        0        0       -      0      0      0      0      0      0      0      0      0      0      0      0      0      0      0      0      0      0      0      0      0      0      0      0      0      0      0      0      0      0      0      0      0      0      0      0      0      0      0      0      0      0     
0x14c80f279a50           NOP                                            0      0      0      0       0        0        0      0      0      -      -      -      0       0      0        0        0       -      0      0      0      0      0      0      0      0      0      0      0      0      0      0      0      0      0      0      0      0      0      0      0      0      0      0      0      0      0      0      0      0      0      0      0      0      0      0      0      0      0      0     
0x14c80f279a60           NOP                                            0      0      0      0       0        0        0      0      0      -      -      -      0       0      0        0        0       -      0      0      0      0      0      0      0      0      0      0      0      0      0      0      0      0      0      0      0      0      0      0      0      0      0      0      0      0      0      0      0      0      0      0      0      0      0      0      0      0      0      0     
0x14c80f279a70           NOP                                            0      0      0      0       0        0        0      0      0      -      -      -      0       0      0        0        0       -      0      0      0      0      0      0      0      0      0      0      0      0      0      0      0      0      0      0      0      0      0      0      0      0      0      0      0      0      0      0      0      0      0      0      0      0      0      0      0      0      0      0     
